date,product_id,region,units_sold,revenue,margin,profit,customer_segment,lead_source
2023-06-01,Gadget_X,West,142,7100,0.45,3186.68,Enterprise,Partner
2023-06-01,Gadget_Y,North,144,21600,0.32,6820.26,Consumer,Web
2023-06-01,Device_Pro,West,107,53500,0.49,25972.78,Consumer,Web
2023-06-01,Device_Pro,South,146,73000,0.43,31658.59,SMB,Direct
2023-06-01,Gadget_Z,South,103,30900,0.41,12518.58,SMB,Direct
2023-06-01,Device_Pro,North,96,48000,0.47,22671.51,Enterprise,Marketing
2023-06-01,Widget_B,East,105,21000,0.29,6019.15,Enterprise,Web
2023-06-01,Widget_B,West,66,13200,0.36,4785.28,SMB,Marketing
2023-06-02,Gadget_X,North,46,2300,0.42,965.49,SMB,Direct
2023-06-02,Widget_A,West,91,7280,0.34,2464.63,SMB,Marketing
2023-06-02,Widget_A,East,43,3440,0.38,1297.74,Consumer,Direct
2023-06-02,Gadget_Y,East,105,15750,0.26,4048.45,Consumer,Marketing
2023-06-02,Widget_B,West,128,25600,0.34,8809.35,Consumer,Web
2023-06-02,Widget_A,West,21,1680,0.33,555.17,Enterprise,Web
2023-06-02,Widget_B,South,10,2000,0.38,754.59,SMB,Partner
2023-06-02,Widget_A,South,68,5440,0.31,1690.27,SMB,Partner
2023-06-03,Gadget_X,South,137,6850,0.38,2609.18,Consumer,Partner
2023-06-03,Widget_A,South,125,10000,0.33,3342.66,SMB,Marketing
2023-06-03,Device_Pro,North,99,49500,0.46,22962.1,SMB,Web
2023-06-03,Gadget_Z,North,42,12600,0.46,5745.58,Consumer,Web
2023-06-03,Device_Pro,East,26,13000,0.45,5899.29,Enterprise,Referral
2023-06-03,Widget_B,East,64,12800,0.34,4317.0,SMB,Partner
2023-06-03,Widget_B,North,27,5400,0.31,1653.87,SMB,Marketing
2023-06-03,Widget_A,North,88,7040,0.3,2120.52,SMB,Direct
2023-06-04,Widget_B,North,21,4200,0.31,1308.65,SMB,Referral
2023-06-04,Widget_B,South,100,20000,0.3,6086.77,SMB,Web
2023-06-04,Widget_B,North,21,4200,0.29,1201.66,SMB,Referral
2023-06-04,Widget_B,North,107,21400,0.31,6645.64,Enterprise,Partner
2023-06-04,Gadget_Z,West,140,42000,0.38,16053.59,SMB,Marketing
2023-06-04,Widget_B,West,113,22600,0.34,7638.19,Enterprise,Direct
2023-06-04,Gadget_Z,East,103,30900,0.46,14137.08,Consumer,Partner
2023-06-04,Widget_A,West,6,480,0.36,174.62,SMB,Referral
2023-06-05,Gadget_Y,North,87,13050,0.26,3348.69,SMB,Direct
2023-06-05,Widget_A,East,109,8720,0.32,2757.11,Consumer,Web
2023-06-05,Widget_A,North,94,7520,0.31,2311.39,SMB,Marketing
2023-06-05,Widget_A,West,88,7040,0.38,2676.85,Enterprise,Web
2023-06-05,Gadget_Y,West,11,1650,0.26,422.15,Consumer,Marketing
2023-06-05,Gadget_Y,East,131,19650,0.29,5672.93,Enterprise,Web
2023-06-05,Gadget_Z,East,75,22500,0.4,8946.2,SMB,Direct
2023-06-05,Gadget_Z,South,138,41400,0.47,19436.92,Enterprise,Partner
2023-06-06,Gadget_X,East,101,5050,0.41,2072.27,SMB,Direct
2023-06-06,Gadget_Z,East,95,28500,0.41,11602.62,SMB,Direct
2023-06-06,Widget_B,West,112,22400,0.3,6773.25,SMB,Referral
2023-06-06,Gadget_X,East,5,250,0.36,89.13,Enterprise,Marketing
2023-06-06,Gadget_X,South,70,3500,0.4,1385.06,SMB,Referral
2023-06-06,Gadget_Y,South,149,22350,0.34,7698.6,Enterprise,Direct
2023-06-06,Widget_B,South,20,4000,0.31,1240.65,Consumer,Marketing
2023-06-06,Widget_A,West,130,10400,0.37,3850.03,Consumer,Partner
2023-06-07,Gadget_X,East,55,2750,0.38,1032.47,Enterprise,Direct
2023-06-07,Gadget_Z,East,49,14700,0.41,6028.43,Consumer,Marketing
2023-06-07,Gadget_X,East,26,1300,0.41,533.68,Enterprise,Web
2023-06-07,Widget_A,South,80,6400,0.31,1975.55,Enterprise,Web
2023-06-07,Device_Pro,North,89,44500,0.46,20400.76,Enterprise,Partner
2023-06-07,Gadget_X,West,125,6250,0.37,2295.33,Enterprise,Referral
2023-06-07,Device_Pro,South,97,48500,0.48,23328.23,SMB,Partner
2023-06-07,Gadget_X,West,7,350,0.45,156.1,Consumer,Direct
2023-06-08,Gadget_Y,North,124,18600,0.32,5911.69,SMB,Web
2023-06-08,Gadget_X,South,105,5250,0.42,2183.59,SMB,Partner
2023-06-08,Widget_A,North,118,9440,0.35,3271.94,Enterprise,Direct
2023-06-08,Gadget_Y,North,121,18150,0.33,5986.49,Enterprise,Partner
2023-06-08,Gadget_X,East,126,6300,0.44,2802.87,Enterprise,Web
2023-06-08,Widget_A,South,20,1600,0.32,506.14,SMB,Partner
2023-06-08,Widget_B,West,125,25000,0.33,8344.9,Enterprise,Web
2023-06-08,Gadget_Z,South,38,11400,0.46,5188.72,Consumer,Direct
2023-06-09,Widget_B,South,15,3000,0.37,1119.6,SMB,Web
2023-06-09,Gadget_Z,East,16,4800,0.46,2184.84,Consumer,Direct
2023-06-09,Gadget_Z,South,6,1800,0.4,717.72,Enterprise,Marketing
2023-06-09,Widget_B,South,105,21000,0.37,7783.54,Enterprise,Partner
2023-06-09,Widget_B,North,87,17400,0.35,6110.4,SMB,Partner
2023-06-09,Widget_B,North,25,5000,0.37,1856.03,SMB,Partner
2023-06-09,Gadget_X,North,19,950,0.38,364.53,SMB,Direct
2023-06-09,Widget_B,South,119,23800,0.31,7320.03,Consumer,Partner
2023-06-10,Widget_B,West,116,23200,0.36,8385.67,Consumer,Partner
2023-06-10,Widget_B,West,15,3000,0.29,871.59,Enterprise,Marketing
2023-06-10,Widget_A,East,36,2880,0.39,1126.86,SMB,Partner
2023-06-10,Widget_B,South,44,8800,0.36,3164.16,Enterprise,Web
2023-06-10,Device_Pro,East,45,22500,0.5,11160.93,SMB,Marketing
2023-06-10,Widget_B,East,132,26400,0.35,9234.61,Consumer,Marketing
2023-06-10,Gadget_X,East,75,3750,0.44,1652.13,SMB,Direct
2023-06-10,Gadget_Y,North,97,14550,0.3,4366.56,SMB,Marketing
2023-06-11,Gadget_X,East,22,1100,0.36,390.94,Enterprise,Partner
2023-06-11,Widget_B,South,18,3600,0.34,1206.79,SMB,Web
2023-06-11,Widget_A,West,68,5440,0.31,1665.59,Consumer,Referral
2023-06-11,Gadget_Y,North,106,15900,0.34,5465.87,SMB,Marketing
2023-06-11,Widget_B,East,126,25200,0.29,7213.99,Consumer,Marketing
2023-06-11,Gadget_Y,South,88,13200,0.28,3683.13,Consumer,Referral
2023-06-11,Device_Pro,South,10,5000,0.42,2084.33,Enterprise,Web
2023-06-11,Gadget_X,South,7,350,0.39,137.09,Enterprise,Referral
2023-06-12,Gadget_Z,North,137,41100,0.43,17520.55,Consumer,Direct
2023-06-12,Gadget_Y,South,43,6450,0.26,1683.13,Enterprise,Partner
2023-06-12,Widget_B,South,130,26000,0.36,9475.88,Enterprise,Web
2023-06-12,Device_Pro,South,87,43500,0.47,20634.22,Enterprise,Web
2023-06-12,Gadget_Z,West,11,3300,0.46,1528.85,Enterprise,Referral
2023-06-12,Widget_B,South,91,18200,0.35,6411.81,Consumer,Referral
2023-06-12,Gadget_X,North,63,3150,0.4,1269.03,Consumer,Web
2023-06-12,Gadget_Z,East,113,33900,0.41,14057.8,Enterprise,Web
2023-06-13,Gadget_X,West,114,5700,0.42,2414.76,Consumer,Marketing
2023-06-13,Gadget_X,North,35,1750,0.45,786.99,Consumer,Marketing
2023-06-13,Widget_B,South,117,23400,0.29,6720.74,Enterprise,Direct
2023-06-13,Widget_B,East,145,29000,0.34,9739.04,Consumer,Direct
2023-06-13,Widget_B,West,122,24400,0.37,8948.33,SMB,Partner
2023-06-13,Gadget_Z,West,8,2400,0.41,986.58,Consumer,Web
2023-06-13,Device_Pro,North,81,40500,0.49,19832.15,SMB,Partner
2023-06-13,Gadget_Y,South,33,4950,0.3,1488.56,SMB,Marketing
2023-06-14,Gadget_Y,South,119,17850,0.27,4804.04,Consumer,Direct
2023-06-14,Widget_B,North,53,10600,0.33,3505.76,Consumer,Marketing
2023-06-14,Widget_B,North,134,26800,0.33,8837.62,Enterprise,Direct
2023-06-14,Gadget_X,West,89,4450,0.39,1720.62,Consumer,Direct
2023-06-14,Widget_B,West,108,21600,0.34,7449.06,SMB,Partner
2023-06-14,Device_Pro,South,9,4500,0.43,1943.25,Enterprise,Web
2023-06-14,Widget_A,North,21,1680,0.32,537.26,SMB,Web
2023-06-14,Gadget_Z,West,26,7800,0.47,3694.68,Enterprise,Web
2023-06-15,Gadget_Z,South,130,39000,0.45,17432.02,Consumer,Referral
2023-06-15,Widget_A,East,101,8080,0.37,2984.11,Consumer,Referral
2023-06-15,Widget_B,East,105,21000,0.37,7780.28,Enterprise,Marketing
2023-06-15,Widget_B,South,21,4200,0.28,1177.05,SMB,Web
2023-06-15,Widget_A,East,141,11280,0.38,4286.13,SMB,Partner
2023-06-15,Gadget_Y,West,135,20250,0.27,5408.58,Enterprise,Referral
2023-06-15,Widget_B,East,123,24600,0.3,7376.71,Consumer,Marketing
2023-06-15,Widget_B,South,89,17800,0.38,6713.66,Enterprise,Referral
2023-06-16,Gadget_Z,South,142,42600,0.4,17074.1,Enterprise,Referral
2023-06-16,Widget_B,South,96,19200,0.3,5682.22,SMB,Direct
2023-06-16,Widget_B,North,25,5000,0.32,1578.09,Enterprise,Direct
2023-06-16,Gadget_X,East,111,5550,0.42,2345.54,SMB,Web
2023-06-16,Widget_A,South,45,3600,0.37,1334.98,SMB,Web
2023-06-16,Gadget_X,North,29,1450,0.39,559.04,Consumer,Referral
2023-06-16,Widget_B,East,88,17600,0.29,5144.28,Enterprise,Direct
2023-06-16,Gadget_X,North,46,2300,0.37,845.3,Enterprise,Partner
2023-06-17,Device_Pro,East,27,13500,0.42,5688.05,Enterprise,Marketing
2023-06-17,Gadget_Y,South,99,14850,0.26,3865.15,Enterprise,Partner
2023-06-17,Widget_B,North,40,8000,0.35,2830.56,SMB,Web
2023-06-17,Gadget_X,South,20,1000,0.45,448.23,SMB,Direct
2023-06-17,Gadget_Z,North,55,16500,0.44,7310.35,Consumer,Direct
2023-06-17,Gadget_Z,West,16,4800,0.44,2118.97,SMB,Web
2023-06-17,Gadget_Y,West,8,1200,0.34,407.46,Consumer,Web
2023-06-17,Device_Pro,East,72,36000,0.45,16323.41,Consumer,Referral
2023-06-18,Gadget_X,South,105,5250,0.35,1863.25,Consumer,Referral
2023-06-18,Gadget_Y,East,148,22200,0.28,6244.68,SMB,Marketing
2023-06-18,Gadget_X,North,62,3100,0.42,1305.25,Consumer,Direct
2023-06-18,Gadget_Z,West,136,40800,0.38,15693.56,Enterprise,Partner
2023-06-18,Gadget_X,West,62,3100,0.42,1291.27,SMB,Web
2023-06-18,Gadget_X,East,125,6250,0.44,2729.99,SMB,Referral
2023-06-18,Gadget_Z,West,33,9900,0.45,4488.74,SMB,Web
2023-06-18,Widget_A,South,39,3120,0.36,1130.41,Enterprise,Referral
2023-06-19,Gadget_X,South,60,3000,0.37,1115.73,SMB,Marketing
2023-06-19,Gadget_Z,East,82,24600,0.47,11679.53,SMB,Referral
2023-06-19,Widget_A,South,116,9280,0.32,2987.04,Consumer,Referral
2023-06-19,Gadget_Z,East,5,1500,0.46,688.18,Enterprise,Referral
2023-06-19,Widget_B,North,47,9400,0.29,2687.36,Consumer,Direct
2023-06-19,Widget_A,North,98,7840,0.38,3011.89,SMB,Referral
2023-06-19,Widget_A,South,40,3200,0.31,993.41,Consumer,Marketing
2023-06-19,Device_Pro,North,128,64000,0.45,28669.38,Enterprise,Web
2023-06-20,Gadget_X,North,113,5650,0.42,2345.65,Enterprise,Web
2023-06-20,Device_Pro,West,24,12000,0.43,5141.53,SMB,Referral
2023-06-20,Widget_B,South,8,1600,0.32,508.92,SMB,Marketing
2023-06-20,Device_Pro,West,86,43000,0.44,18769.39,Consumer,Marketing
2023-06-20,Widget_A,West,29,2320,0.39,895.47,Consumer,Direct
2023-06-20,Widget_B,West,140,28000,0.37,10262.0,SMB,Web
2023-06-20,Device_Pro,North,9,4500,0.45,2009.79,Enterprise,Partner
2023-06-20,Widget_A,East,97,7760,0.35,2731.96,Consumer,Marketing
2023-06-21,Widget_B,East,140,28000,0.36,9991.75,Consumer,Web
2023-06-21,Widget_B,North,140,28000,0.37,10386.99,SMB,Partner
2023-06-21,Widget_B,South,103,20600,0.33,6741.32,Enterprise,Direct
2023-06-21,Widget_B,West,48,9600,0.33,3138.89,Enterprise,Marketing
2023-06-21,Device_Pro,South,90,45000,0.46,20484.35,SMB,Web
2023-06-21,Widget_A,East,134,10720,0.34,3688.73,Enterprise,Web
2023-06-21,Gadget_X,North,58,2900,0.41,1182.14,Enterprise,Referral
2023-06-21,Gadget_X,East,29,1450,0.43,629.23,Enterprise,Marketing
2023-06-22,Widget_B,South,59,11800,0.38,4431.24,Consumer,Web
2023-06-22,Widget_B,West,116,23200,0.34,7879.02,SMB,Web
2023-06-22,Widget_A,South,112,8960,0.34,3050.26,SMB,Web
2023-06-22,Device_Pro,West,5,2500,0.47,1176.94,SMB,Marketing
2023-06-22,Widget_B,South,145,29000,0.38,10973.39,Consumer,Web
2023-06-22,Device_Pro,North,29,14500,0.44,6314.32,SMB,Partner
2023-06-22,Gadget_X,North,104,5200,0.41,2110.23,SMB,Partner
2023-06-22,Gadget_Y,East,99,14850,0.32,4706.27,Consumer,Web
2023-06-23,Gadget_Z,South,131,39300,0.43,17052.3,SMB,Marketing
2023-06-23,Gadget_X,West,67,3350,0.43,1450.65,Consumer,Web
2023-06-23,Widget_B,North,40,8000,0.28,2244.65,Enterprise,Direct
2023-06-23,Widget_A,North,31,2480,0.36,894.35,SMB,Partner
2023-06-23,Widget_A,West,66,5280,0.37,1967.49,Consumer,Direct
2023-06-23,Gadget_Y,South,68,10200,0.29,2910.68,SMB,Partner
2023-06-23,Gadget_X,South,104,5200,0.42,2174.19,SMB,Referral
2023-06-23,Gadget_Y,East,130,19500,0.33,6391.99,Enterprise,Referral
2023-06-24,Widget_A,West,88,7040,0.38,2694.65,SMB,Marketing
2023-06-24,Widget_A,East,64,5120,0.37,1896.38,Consumer,Marketing
2023-06-24,Widget_B,West,144,28800,0.29,8233.36,SMB,Marketing
2023-06-24,Gadget_Z,West,136,40800,0.47,19061.36,Consumer,Direct
2023-06-24,Gadget_Z,South,56,16800,0.41,6851.33,Enterprise,Partner
2023-06-24,Widget_A,North,118,9440,0.35,3318.77,Enterprise,Referral
2023-06-24,Device_Pro,North,105,52500,0.41,21608.22,SMB,Partner
2023-06-24,Gadget_Y,West,41,6150,0.33,2003.78,Enterprise,Marketing
2023-06-25,Gadget_Z,North,57,17100,0.45,7664.44,SMB,Direct
2023-06-25,Gadget_X,West,143,7150,0.41,2908.29,SMB,Partner
2023-06-25,Gadget_Z,North,108,32400,0.41,13323.31,Consumer,Marketing
2023-06-25,Widget_B,South,39,7800,0.28,2210.34,Consumer,Web
2023-06-25,Widget_A,South,147,11760,0.37,4392.35,Consumer,Direct
2023-06-25,Gadget_X,North,97,4850,0.4,1962.98,SMB,Partner
2023-06-25,Gadget_Y,South,143,21450,0.32,6762.91,Enterprise,Partner
2023-06-25,Widget_A,East,149,11920,0.39,4684.92,Enterprise,Marketing
2023-06-26,Gadget_Z,North,31,9300,0.42,3897.07,SMB,Direct
2023-06-26,Gadget_Y,East,53,7950,0.33,2657.08,SMB,Marketing
2023-06-26,Widget_B,West,68,13600,0.29,3944.58,Consumer,Partner
2023-06-26,Gadget_Z,East,110,33000,0.39,12837.42,SMB,Web
2023-06-26,Widget_A,West,15,1200,0.32,380.29,Enterprise,Partner
2023-06-26,Device_Pro,North,9,4500,0.41,1840.18,SMB,Marketing
2023-06-26,Device_Pro,North,17,8500,0.42,3585.35,SMB,Marketing
2023-06-26,Widget_A,South,21,1680,0.39,660.54,SMB,Web
2023-06-27,Gadget_X,South,74,3700,0.42,1542.46,SMB,Web
2023-06-27,Gadget_Y,South,86,12900,0.31,4038.51,SMB,Web
2023-06-27,Device_Pro,East,54,27000,0.44,11957.2,SMB,Marketing
2023-06-27,Gadget_Z,North,32,9600,0.44,4255.78,Consumer,Web
2023-06-27,Gadget_X,East,123,6150,0.36,2224.49,Consumer,Marketing
2023-06-27,Gadget_Y,North,66,9900,0.31,3094.14,Enterprise,Partner
2023-06-27,Widget_A,East,39,3120,0.32,995.63,SMB,Direct
2023-06-27,Gadget_X,North,105,5250,0.44,2320.82,SMB,Marketing
2023-06-28,Gadget_X,East,99,4950,0.44,2172.05,SMB,Direct
2023-06-28,Widget_A,West,7,560,0.38,214.96,SMB,Referral
2023-06-28,Widget_B,East,112,22400,0.33,7320.29,Consumer,Marketing
2023-06-28,Gadget_Y,West,70,10500,0.34,3615.02,SMB,Direct
2023-06-28,Widget_A,East,105,8400,0.38,3191.82,SMB,Partner
2023-06-28,Widget_B,South,115,23000,0.32,7301.3,Enterprise,Referral
2023-06-28,Gadget_X,West,27,1350,0.4,542.8,Consumer,Web
2023-06-28,Gadget_Y,East,42,6300,0.33,2080.58,SMB,Web
2023-06-29,Gadget_Z,North,106,31800,0.42,13276.31,Consumer,Direct
2023-06-29,Gadget_Y,North,52,7800,0.32,2481.4,SMB,Web
2023-06-29,Device_Pro,West,19,9500,0.44,4164.97,Enterprise,Marketing
2023-06-29,Device_Pro,South,23,11500,0.47,5421.24,Enterprise,Direct
2023-06-29,Widget_A,West,126,10080,0.32,3187.89,SMB,Web
2023-06-29,Gadget_X,East,32,1600,0.43,681.8,SMB,Partner
2023-06-29,Widget_A,North,26,2080,0.32,667.7,SMB,Web
2023-06-29,Widget_B,West,49,9800,0.37,3624.19,SMB,Direct
2023-06-30,Widget_B,North,134,26800,0.37,9970.57,Consumer,Marketing
2023-06-30,Widget_A,West,130,10400,0.39,4078.38,Consumer,Referral
2023-06-30,Gadget_X,East,129,6450,0.38,2468.06,Enterprise,Partner
2023-06-30,Gadget_Y,East,109,16350,0.35,5651.18,SMB,Referral
2023-06-30,Gadget_X,East,65,3250,0.41,1340.32,Consumer,Web
2023-06-30,Device_Pro,South,84,42000,0.44,18550.24,Enterprise,Web
2023-06-30,Device_Pro,South,51,25500,0.44,11254.5,SMB,Marketing
2023-06-30,Gadget_Z,West,62,18600,0.41,7650.31,SMB,Partner
2023-07-01,Gadget_Z,West,34,10200,0.39,3940.29,SMB,Marketing
2023-07-01,Widget_B,West,110,22000,0.32,6977.58,Consumer,Direct
2023-07-01,Gadget_Y,North,39,5850,0.35,2032.49,SMB,Direct
2023-07-01,Gadget_X,West,106,5300,0.41,2165.14,Enterprise,Web
2023-07-01,Gadget_X,East,107,5350,0.43,2283.36,Enterprise,Marketing
2023-07-01,Widget_A,North,104,8320,0.34,2863.81,Consumer,Web
2023-07-01,Device_Pro,South,23,11500,0.44,5003.39,SMB,Referral
2023-07-01,Gadget_Y,East,110,16500,0.34,5642.0,Consumer,Referral
2023-07-02,Gadget_Z,North,143,42900,0.42,17896.31,SMB,Web
2023-07-02,Gadget_Y,South,42,6300,0.31,1925.47,SMB,Marketing
2023-07-02,Widget_B,West,89,17800,0.32,5714.47,Consumer,Partner
2023-07-02,Device_Pro,North,32,16000,0.4,6473.65,SMB,Partner
2023-07-02,Device_Pro,West,38,19000,0.41,7839.61,Enterprise,Marketing
2023-07-02,Gadget_Y,South,31,4650,0.28,1292.35,SMB,Marketing
2023-07-02,Gadget_Z,East,140,42000,0.46,19347.5,Enterprise,Web
2023-07-02,Widget_B,South,110,22000,0.34,7570.39,Enterprise,Web
2023-07-03,Gadget_X,South,132,6600,0.43,2830.22,SMB,Web
2023-07-03,Gadget_X,East,25,1250,0.44,550.54,SMB,Marketing
2023-07-03,Gadget_Y,West,45,6750,0.27,1854.66,Enterprise,Partner
2023-07-03,Gadget_Y,North,46,6900,0.27,1883.67,Enterprise,Direct
2023-07-03,Gadget_X,West,125,6250,0.41,2569.53,Enterprise,Referral
2023-07-03,Gadget_Y,East,13,1950,0.26,500.08,SMB,Marketing
2023-07-03,Device_Pro,North,132,66000,0.45,29850.52,SMB,Marketing
2023-07-03,Widget_B,South,56,11200,0.35,3967.46,SMB,Web
2023-07-04,Gadget_X,East,84,4200,0.37,1552.68,Consumer,Marketing
2023-07-04,Widget_A,West,21,1680,0.33,552.59,SMB,Partner
2023-07-04,Widget_B,West,130,26000,0.37,9614.85,SMB,Partner
2023-07-04,Device_Pro,East,43,21500,0.49,10523.13,Enterprise,Direct
2023-07-04,Gadget_X,South,5,250,0.37,91.9,SMB,Referral
2023-07-04,Gadget_X,South,62,3100,0.42,1304.82,Consumer,Marketing
2023-07-04,Widget_A,West,50,4000,0.39,1544.64,SMB,Marketing
2023-07-04,Gadget_X,North,137,6850,0.45,3082.17,Enterprise,Marketing
2023-07-05,Widget_A,North,65,5200,0.33,1710.1,Consumer,Direct
2023-07-05,Widget_A,South,17,1360,0.3,410.07,Consumer,Web
2023-07-05,Gadget_X,West,68,3400,0.43,1466.48,SMB,Referral
2023-07-05,Widget_B,West,97,19400,0.33,6489.81,Consumer,Direct
2023-07-05,Device_Pro,South,81,40500,0.46,18516.98,Enterprise,Direct
2023-07-05,Widget_A,South,16,1280,0.34,436.28,Consumer,Partner
2023-07-05,Gadget_X,North,62,3100,0.44,1350.33,Consumer,Direct
2023-07-05,Gadget_Y,South,30,4500,0.34,1515.48,Enterprise,Direct
2023-07-06,Gadget_Z,East,26,7800,0.47,3677.63,Enterprise,Partner
2023-07-06,Gadget_Z,West,144,43200,0.45,19445.5,Enterprise,Marketing
2023-07-06,Device_Pro,East,119,59500,0.43,25759.26,Consumer,Direct
2023-07-06,Device_Pro,South,131,65500,0.48,31710.91,SMB,Web
2023-07-06,Widget_B,West,141,28200,0.34,9667.11,Consumer,Web
2023-07-06,Gadget_Z,North,67,20100,0.42,8473.4,SMB,Marketing
2023-07-06,Gadget_Z,East,67,20100,0.41,8207.93,SMB,Web
2023-07-06,Widget_A,East,138,11040,0.31,3438.62,SMB,Marketing
2023-07-07,Gadget_Z,North,119,35700,0.41,14740.57,SMB,Web
2023-07-07,Widget_B,West,42,8400,0.31,2578.55,Consumer,Web
2023-07-07,Gadget_Z,West,118,35400,0.38,13597.45,SMB,Marketing
2023-07-07,Device_Pro,North,102,51000,0.47,23746.5,Consumer,Direct
2023-07-07,Gadget_X,South,111,5550,0.39,2186.76,Enterprise,Marketing
2023-07-07,Gadget_X,North,81,4050,0.36,1455.15,Consumer,Web
2023-07-07,Gadget_Y,South,86,12900,0.3,3806.43,SMB,Web
2023-07-07,Gadget_X,South,17,850,0.44,375.75,Enterprise,Partner
2023-07-08,Gadget_X,North,107,5350,0.38,2038.36,Enterprise,Marketing
2023-07-08,Widget_B,West,22,4400,0.37,1614.18,SMB,Marketing
2023-07-08,Widget_A,North,130,10400,0.38,3965.96,Consumer,Direct
2023-07-08,Gadget_X,East,79,3950,0.45,1765.02,Consumer,Referral
2023-07-08,Gadget_Y,West,75,11250,0.31,3494.77,Enterprise,Web
2023-07-08,Widget_B,East,90,18000,0.33,5925.02,SMB,Partner
2023-07-08,Gadget_X,East,69,3450,0.35,1210.69,Enterprise,Partner
2023-07-08,Device_Pro,North,63,31500,0.42,13339.9,Enterprise,Marketing
2023-07-09,Gadget_Z,North,88,26400,0.39,10237.85,Enterprise,Web
2023-07-09,Widget_B,East,118,23600,0.37,8707.78,SMB,Partner
2023-07-09,Device_Pro,North,131,65500,0.5,32707.85,Enterprise,Partner
2023-07-09,Widget_B,North,55,11000,0.37,4113.6,Consumer,Marketing
2023-07-09,Gadget_X,South,145,7250,0.41,2979.31,Consumer,Partner
2023-07-09,Gadget_Y,North,110,16500,0.3,4976.9,SMB,Direct
2023-07-09,Gadget_X,West,117,5850,0.45,2630.23,SMB,Referral
2023-07-09,Gadget_X,North,67,3350,0.38,1276.7,Consumer,Web
2023-07-10,Widget_B,East,65,13000,0.38,4910.07,Consumer,Referral
2023-07-10,Widget_A,East,39,3120,0.34,1049.07,SMB,Partner
2023-07-10,Gadget_Z,East,44,13200,0.39,5122.81,Consumer,Direct
2023-07-10,Gadget_X,East,100,5000,0.38,1888.81,SMB,Marketing
2023-07-10,Gadget_Y,South,25,3750,0.35,1299.58,Enterprise,Marketing
2023-07-10,Widget_B,East,25,5000,0.35,1743.48,Consumer,Web
2023-07-10,Widget_A,East,120,9600,0.37,3522.78,SMB,Web
2023-07-10,Widget_B,South,114,22800,0.32,7282.53,Consumer,Referral
2023-07-11,Gadget_Z,South,32,9600,0.45,4332.83,SMB,Direct
2023-07-11,Device_Pro,West,42,21000,0.47,9776.07,Consumer,Marketing
2023-07-11,Widget_A,South,111,8880,0.4,3509.69,Consumer,Web
2023-07-11,Gadget_Z,North,49,14700,0.45,6676.94,SMB,Web
2023-07-11,Widget_A,East,141,11280,0.32,3590.2,SMB,Referral
2023-07-11,Gadget_Y,West,129,19350,0.27,5212.38,SMB,Referral
2023-07-11,Gadget_Z,South,70,21000,0.45,9481.08,Enterprise,Web
2023-07-11,Gadget_Z,North,145,43500,0.39,16847.47,Enterprise,Web
2023-07-12,Widget_B,South,130,26000,0.36,9257.74,Consumer,Partner
2023-07-12,Gadget_Y,West,86,12900,0.31,4013.62,SMB,Direct
2023-07-12,Gadget_X,East,71,3550,0.44,1567.76,SMB,Web
2023-07-12,Gadget_X,North,145,7250,0.44,3184.15,Enterprise,Direct
2023-07-12,Widget_A,East,68,5440,0.31,1697.5,SMB,Web
2023-07-12,Device_Pro,South,125,62500,0.48,30087.87,Consumer,Marketing
2023-07-12,Widget_B,West,24,4800,0.31,1478.83,Consumer,Direct
2023-07-12,Device_Pro,South,103,51500,0.41,21200.01,Consumer,Direct
2023-07-13,Device_Pro,West,88,44000,0.46,20314.7,SMB,Partner
2023-07-13,Widget_A,North,91,7280,0.37,2666.24,Enterprise,Partner
2023-07-13,Gadget_Y,West,83,12450,0.3,3702.26,SMB,Marketing
2023-07-13,Gadget_Y,East,48,7200,0.33,2359.35,Enterprise,Referral
2023-07-13,Gadget_Z,West,130,39000,0.39,15251.38,Consumer,Referral
2023-07-13,Widget_A,North,147,11760,0.36,4176.52,Enterprise,Web
2023-07-13,Gadget_Y,South,95,14250,0.35,4943.53,SMB,Direct
2023-07-13,Gadget_Y,West,137,20550,0.28,5809.98,Consumer,Web
2023-07-14,Widget_A,North,81,6480,0.38,2480.42,Enterprise,Direct
2023-07-14,Gadget_X,South,38,1900,0.41,770.26,Consumer,Marketing
2023-07-14,Gadget_Z,North,133,39900,0.42,16746.96,Consumer,Direct
2023-07-14,Widget_A,West,92,7360,0.39,2900.25,Enterprise,Partner
2023-07-14,Widget_B,North,9,1800,0.31,562.91,Enterprise,Partner
2023-07-14,Gadget_Y,West,103,15450,0.32,4867.52,Consumer,Partner
2023-07-14,Gadget_Y,East,98,14700,0.35,5139.71,SMB,Marketing
2023-07-14,Widget_A,East,53,4240,0.37,1565.64,Enterprise,Web
2023-07-15,Gadget_Z,East,9,2700,0.48,1288.82,SMB,Marketing
2023-07-15,Widget_B,South,66,13200,0.38,4957.18,SMB,Direct
2023-07-15,Gadget_Z,South,87,26100,0.39,10124.98,Enterprise,Marketing
2023-07-15,Gadget_Y,West,121,18150,0.27,4943.07,SMB,Direct
2023-07-15,Gadget_Z,West,89,26700,0.46,12415.26,Consumer,Referral
2023-07-15,Device_Pro,East,71,35500,0.48,16933.82,Consumer,Partner
2023-07-15,Gadget_X,North,114,5700,0.4,2278.19,SMB,Partner
2023-07-15,Gadget_Z,East,137,41100,0.41,16766.05,SMB,Direct
2023-07-16,Gadget_X,North,108,5400,0.38,2054.03,Enterprise,Web
2023-07-16,Gadget_Y,North,28,4200,0.32,1340.52,Enterprise,Marketing
2023-07-16,Device_Pro,East,62,31000,0.5,15491.34,Enterprise,Marketing
2023-07-16,Device_Pro,East,91,45500,0.4,18403.22,SMB,Web
2023-07-16,Device_Pro,North,68,34000,0.44,14887.93,Consumer,Partner
2023-07-16,Device_Pro,West,80,40000,0.41,16467.95,Enterprise,Partner
2023-07-16,Device_Pro,East,124,62000,0.41,25295.38,Consumer,Direct
2023-07-16,Device_Pro,East,149,74500,0.44,32694.05,Consumer,Partner
2023-07-17,Widget_A,West,33,2640,0.33,870.09,Consumer,Marketing
2023-07-17,Gadget_Y,West,125,18750,0.28,5243.12,Consumer,Partner
2023-07-17,Gadget_Z,North,26,7800,0.4,3136.38,SMB,Referral
2023-07-17,Widget_B,North,44,8800,0.3,2613.15,Consumer,Marketing
2023-07-17,Widget_B,South,124,24800,0.29,7189.38,SMB,Referral
2023-07-17,Device_Pro,North,67,33500,0.49,16371.68,Enterprise,Marketing
2023-07-17,Gadget_Z,North,59,17700,0.47,8348.14,Consumer,Direct
2023-07-17,Gadget_Y,West,149,22350,0.35,7784.06,SMB,Partner
2023-07-18,Widget_A,North,60,4800,0.37,1776.26,SMB,Partner
2023-07-18,Device_Pro,East,36,18000,0.43,7699.53,SMB,Direct
2023-07-18,Device_Pro,West,41,20500,0.4,8247.53,Consumer,Marketing
2023-07-18,Widget_B,East,78,15600,0.36,5555.19,Enterprise,Referral
2023-07-18,Gadget_Y,West,136,20400,0.28,5640.3,SMB,Referral
2023-07-18,Widget_A,North,20,1600,0.33,531.88,Consumer,Partner
2023-07-18,Gadget_Y,West,21,3150,0.32,1006.88,SMB,Partner
2023-07-18,Gadget_X,West,25,1250,0.35,438.63,Enterprise,Partner
2023-07-19,Widget_A,North,20,1600,0.35,562.79,SMB,Marketing
2023-07-19,Gadget_X,West,108,5400,0.38,2046.96,Enterprise,Marketing
2023-07-19,Widget_A,North,107,8560,0.39,3368.18,SMB,Marketing
2023-07-19,Widget_B,West,79,15800,0.37,5856.73,Enterprise,Marketing
2023-07-19,Gadget_X,North,93,4650,0.4,1876.57,SMB,Web
2023-07-19,Device_Pro,West,141,70500,0.47,33412.86,SMB,Marketing
2023-07-19,Device_Pro,East,89,44500,0.47,21073.53,SMB,Direct
2023-07-19,Gadget_Y,East,103,15450,0.26,4014.41,SMB,Web
2023-07-20,Gadget_Y,South,142,21300,0.33,7069.59,SMB,Partner
2023-07-20,Device_Pro,East,116,58000,0.41,23596.5,SMB,Marketing
2023-07-20,Widget_A,West,102,8160,0.32,2597.85,SMB,Marketing
2023-07-20,Gadget_X,North,78,3900,0.42,1619.14,SMB,Partner
2023-07-20,Gadget_Y,North,57,8550,0.28,2416.55,Enterprise,Partner
2023-07-20,Widget_A,West,96,7680,0.38,2890.48,SMB,Partner
2023-07-20,Gadget_Z,North,25,7500,0.42,3176.71,SMB,Direct
2023-07-20,Widget_A,South,132,10560,0.34,3606.9,Enterprise,Web
2023-07-21,Widget_B,West,40,8000,0.33,2628.85,SMB,Referral
2023-07-21,Device_Pro,North,24,12000,0.49,5841.51,Consumer,Partner
2023-07-21,Gadget_Z,East,97,29100,0.45,13172.81,Consumer,Referral
2023-07-21,Widget_B,North,78,15600,0.37,5751.24,Consumer,Partner
2023-07-21,Gadget_Z,South,124,37200,0.39,14583.2,SMB,Partner
2023-07-21,Gadget_X,North,107,5350,0.41,2176.06,Consumer,Direct
2023-07-21,Gadget_X,West,61,3050,0.41,1248.04,Consumer,Marketing
2023-07-21,Widget_A,South,89,7120,0.34,2425.88,Enterprise,Referral
2023-07-22,Gadget_Z,South,130,39000,0.45,17489.89,Enterprise,Marketing
2023-07-22,Device_Pro,South,42,21000,0.41,8683.36,Consumer,Partner
2023-07-22,Device_Pro,East,72,36000,0.41,14815.64,SMB,Marketing
2023-07-22,Widget_B,South,30,6000,0.3,1792.23,SMB,Marketing
2023-07-22,Widget_B,West,75,15000,0.34,5126.86,SMB,Referral
2023-07-22,Widget_B,West,28,5600,0.32,1796.49,Consumer,Direct
2023-07-22,Gadget_X,East,38,1900,0.44,828.55,Consumer,Marketing
2023-07-22,Gadget_Z,North,86,25800,0.4,10312.24,SMB,Web
2023-07-23,Gadget_X,West,133,6650,0.44,2955.19,SMB,Referral
2023-07-23,Gadget_Z,East,129,38700,0.4,15672.82,SMB,Marketing
2023-07-23,Gadget_Z,South,63,18900,0.46,8670.15,Consumer,Referral
2023-07-23,Device_Pro,West,113,56500,0.48,27223.16,SMB,Direct
2023-07-23,Gadget_X,East,80,4000,0.41,1634.12,SMB,Marketing
2023-07-23,Widget_A,North,136,10880,0.38,4142.19,SMB,Direct
2023-07-23,Gadget_Y,North,41,6150,0.29,1803.9,Enterprise,Partner
2023-07-23,Gadget_Y,East,100,15000,0.28,4128.56,SMB,Web
2023-07-24,Widget_B,North,125,25000,0.29,7316.41,Enterprise,Referral
2023-07-24,Widget_A,South,145,11600,0.32,3729.07,Consumer,Web
2023-07-24,Device_Pro,East,45,22500,0.42,9477.44,Enterprise,Direct
2023-07-24,Device_Pro,West,104,52000,0.44,22985.22,Enterprise,Direct
2023-07-24,Gadget_Y,North,97,14550,0.34,5003.56,Enterprise,Partner
2023-07-24,Gadget_X,East,120,6000,0.43,2574.47,Consumer,Partner
2023-07-24,Gadget_X,East,99,4950,0.43,2115.63,SMB,Partner
2023-07-24,Device_Pro,South,131,65500,0.42,27649.36,Enterprise,Web
2023-07-25,Gadget_X,North,117,5850,0.42,2435.08,SMB,Referral
2023-07-25,Widget_A,North,103,8240,0.34,2810.1,SMB,Marketing
2023-07-25,Widget_A,North,89,7120,0.33,2381.15,Consumer,Partner
2023-07-25,Widget_B,North,67,13400,0.31,4149.15,Consumer,Direct
2023-07-25,Device_Pro,North,49,24500,0.45,10972.47,Consumer,Referral
2023-07-25,Gadget_X,South,58,2900,0.42,1230.73,Enterprise,Referral
2023-07-25,Gadget_Y,West,147,22050,0.3,6582.96,Consumer,Direct
2023-07-25,Widget_A,North,13,1040,0.33,346.78,Enterprise,Marketing
2023-07-26,Widget_B,West,147,29400,0.33,9838.05,Consumer,Partner
2023-07-26,Gadget_Z,South,78,23400,0.42,9719.59,SMB,Web
2023-07-26,Gadget_Z,North,11,3300,0.47,1541.34,SMB,Direct
2023-07-26,Gadget_X,East,35,1750,0.41,720.23,SMB,Direct
2023-07-26,Gadget_Z,South,60,18000,0.44,7978.83,SMB,Referral
2023-07-26,Gadget_Y,North,144,21600,0.3,6508.93,SMB,Direct
2023-07-26,Device_Pro,West,51,25500,0.42,10772.53,Enterprise,Marketing
2023-07-26,Gadget_Y,South,95,14250,0.3,4210.11,Enterprise,Partner
2023-07-27,Gadget_X,East,116,5800,0.4,2343.54,SMB,Partner
2023-07-27,Widget_A,West,81,6480,0.37,2411.65,Consumer,Web
2023-07-27,Widget_B,North,132,26400,0.37,9655.35,SMB,Direct
2023-07-27,Gadget_X,East,136,6800,0.42,2863.25,SMB,Direct
2023-07-27,Gadget_Y,South,121,18150,0.25,4546.15,Enterprise,Partner
2023-07-27,Widget_A,North,56,4480,0.39,1757.95,Consumer,Direct
2023-07-27,Gadget_Z,South,41,12300,0.47,5816.41,SMB,Direct
2023-07-27,Widget_B,East,41,8200,0.32,2620.06,Enterprise,Referral
2023-07-28,Widget_A,East,114,9120,0.39,3550.07,SMB,Marketing
2023-07-28,Gadget_X,East,19,950,0.38,362.86,SMB,Direct
2023-07-28,Widget_B,West,65,13000,0.32,4197.64,SMB,Direct
2023-07-28,Widget_A,West,48,3840,0.38,1446.64,Enterprise,Marketing
2023-07-28,Widget_A,East,42,3360,0.38,1277.03,Consumer,Direct
2023-07-28,Gadget_Z,North,50,15000,0.45,6709.46,Consumer,Referral
2023-07-28,Gadget_Z,North,33,9900,0.46,4532.69,Consumer,Partner
2023-07-28,Gadget_Y,South,11,1650,0.29,484.41,SMB,Direct
2023-07-29,Widget_A,North,40,3200,0.35,1126.14,Enterprise,Referral
2023-07-29,Gadget_Z,East,51,15300,0.46,7112.42,SMB,Partner
2023-07-29,Gadget_Y,East,78,11700,0.32,3788.13,Consumer,Referral
2023-07-29,Widget_B,South,101,20200,0.37,7525.86,SMB,Web
2023-07-29,Gadget_Y,East,45,6750,0.26,1764.79,SMB,Partner
2023-07-29,Widget_B,East,30,6000,0.29,1765.38,Consumer,Referral
2023-07-29,Gadget_X,East,124,6200,0.4,2474.53,Enterprise,Partner
2023-07-29,Gadget_Z,North,144,43200,0.44,18947.98,Enterprise,Referral
2023-07-30,Widget_B,North,58,11600,0.28,3253.35,Consumer,Web
2023-07-30,Widget_A,East,126,10080,0.31,3118.9,Enterprise,Web
2023-07-30,Widget_B,West,30,6000,0.29,1763.29,Enterprise,Referral
2023-07-30,Gadget_Y,South,37,5550,0.33,1806.89,Consumer,Marketing
2023-07-30,Widget_A,East,72,5760,0.37,2143.46,SMB,Direct
2023-07-30,Widget_A,West,110,8800,0.34,3001.27,Enterprise,Direct
2023-07-30,Widget_A,South,47,3760,0.39,1468.28,Enterprise,Referral
2023-07-30,Widget_B,North,45,9000,0.38,3390.9,Enterprise,Marketing
2023-07-31,Gadget_Y,South,73,10950,0.28,3013.37,Enterprise,Partner
2023-07-31,Widget_A,South,146,11680,0.35,4069.81,SMB,Referral
2023-07-31,Gadget_Z,West,15,4500,0.39,1763.13,SMB,Direct
2023-07-31,Widget_B,West,51,10200,0.37,3746.65,SMB,Referral
2023-07-31,Widget_A,West,21,1680,0.35,595.28,Enterprise,Web
2023-07-31,Gadget_X,North,142,7100,0.4,2868.82,SMB,Partner
2023-07-31,Gadget_Z,South,112,33600,0.44,14652.08,SMB,Web
2023-07-31,Gadget_Z,North,80,24000,0.41,9735.43,Enterprise,Partner
2023-08-01,Gadget_Y,South,147,22050,0.3,6721.63,Enterprise,Referral
2023-08-01,Device_Pro,West,56,28000,0.43,11983.15,SMB,Direct
2023-08-01,Gadget_Z,East,145,43500,0.42,18383.12,Consumer,Partner
2023-08-01,Gadget_X,South,69,3450,0.4,1373.53,Enterprise,Web
2023-08-01,Widget_B,North,72,14400,0.29,4170.27,SMB,Referral
2023-08-01,Widget_A,East,141,11280,0.36,4084.36,SMB,Referral
2023-08-01,Gadget_Z,South,112,33600,0.39,13203.4,Consumer,Partner
2023-08-01,Widget_A,West,112,8960,0.36,3187.75,SMB,Web
2023-08-02,Widget_B,North,36,7200,0.36,2604.2,Consumer,Referral
2023-08-02,Widget_B,North,25,5000,0.33,1659.27,SMB,Direct
2023-08-02,Widget_A,North,143,11440,0.36,4174.44,SMB,Direct
2023-08-02,Widget_B,North,127,25400,0.3,7504.72,Enterprise,Marketing
2023-08-02,Widget_A,West,74,5920,0.31,1862.79,Consumer,Partner
2023-08-02,Widget_B,West,55,11000,0.38,4149.0,SMB,Web
2023-08-02,Gadget_X,East,41,2050,0.35,720.45,SMB,Partner
2023-08-02,Gadget_X,East,38,1900,0.4,756.86,Enterprise,Web
2023-08-03,Widget_B,East,95,19000,0.28,5358.52,Enterprise,Direct
2023-08-03,Widget_B,West,64,12800,0.38,4854.09,Consumer,Referral
2023-08-03,Widget_A,North,101,8080,0.4,3205.06,SMB,Referral
2023-08-03,Widget_A,East,87,6960,0.4,2762.13,Consumer,Referral
2023-08-03,Gadget_Y,West,14,2100,0.32,662.38,SMB,Partner
2023-08-03,Widget_B,West,108,21600,0.37,7911.21,SMB,Referral
2023-08-03,Widget_B,North,136,27200,0.35,9419.71,Consumer,Marketing
2023-08-03,Gadget_Z,North,118,35400,0.39,13972.16,Consumer,Referral
2023-08-04,Gadget_Y,East,39,5850,0.28,1658.36,Consumer,Partner
2023-08-04,Gadget_X,East,115,5750,0.4,2282.68,Enterprise,Partner
2023-08-04,Device_Pro,East,142,71000,0.48,34114.69,Consumer,Partner
2023-08-04,Gadget_Y,West,145,21750,0.27,5874.11,SMB,Partner
2023-08-04,Gadget_Y,South,91,13650,0.28,3858.82,Enterprise,Web
2023-08-04,Device_Pro,North,53,26500,0.47,12326.05,Consumer,Marketing
2023-08-04,Gadget_X,East,37,1850,0.43,803.94,Enterprise,Marketing
2023-08-04,Gadget_X,West,118,5900,0.43,2547.68,Enterprise,Web
2023-08-05,Gadget_Z,South,103,30900,0.42,13082.98,Consumer,Referral
2023-08-05,Gadget_Z,South,66,19800,0.47,9290.87,Enterprise,Referral
2023-08-05,Widget_A,East,135,10800,0.3,3270.17,Enterprise,Web
2023-08-05,Gadget_X,South,12,600,0.44,262.18,SMB,Direct
2023-08-05,Widget_B,South,69,13800,0.37,5101.89,SMB,Web
2023-08-05,Widget_A,South,110,8800,0.36,3155.58,Consumer,Web
2023-08-05,Widget_B,North,32,6400,0.35,2245.35,SMB,Web
2023-08-05,Widget_A,West,123,9840,0.38,3698.78,Enterprise,Web
2023-08-06,Gadget_Z,West,106,31800,0.48,15215.34,SMB,Web
2023-08-06,Gadget_Z,East,16,4800,0.39,1849.52,Consumer,Direct
2023-08-06,Widget_A,South,90,7200,0.31,2208.37,Consumer,Referral
2023-08-06,Widget_B,North,50,10000,0.34,3361.45,Enterprise,Referral
2023-08-06,Gadget_X,North,29,1450,0.4,579.84,Consumer,Partner
2023-08-06,Widget_B,South,20,4000,0.3,1215.97,Consumer,Marketing
2023-08-06,Gadget_Z,East,86,25800,0.47,12016.07,SMB,Marketing
2023-08-06,Widget_A,West,20,1600,0.37,584.77,SMB,Referral
2023-08-07,Gadget_X,East,35,1750,0.35,612.86,Enterprise,Partner
2023-08-07,Gadget_X,West,24,1200,0.41,496.79,Consumer,Web
2023-08-07,Device_Pro,East,76,38000,0.44,16862.34,Consumer,Partner
2023-08-07,Gadget_Z,West,105,31500,0.43,13388.48,Consumer,Direct
2023-08-07,Gadget_Z,South,77,23100,0.39,8935.96,SMB,Direct
2023-08-07,Gadget_X,South,23,1150,0.43,491.64,SMB,Web
2023-08-07,Gadget_Y,South,34,5100,0.29,1465.32,SMB,Partner
2023-08-07,Widget_A,West,122,9760,0.37,3591.57,SMB,Partner
2023-08-08,Widget_B,North,16,3200,0.33,1041.0,Consumer,Referral
2023-08-08,Device_Pro,West,28,14000,0.44,6162.55,Enterprise,Referral
2023-08-08,Widget_B,South,129,25800,0.32,8177.74,Enterprise,Web
2023-08-08,Gadget_X,North,51,2550,0.38,978.53,SMB,Referral
2023-08-08,Device_Pro,South,7,3500,0.41,1422.71,Consumer,Direct
2023-08-08,Gadget_X,North,92,4600,0.37,1705.35,Enterprise,Web
2023-08-08,Gadget_Z,West,90,27000,0.47,12607.24,SMB,Partner
2023-08-08,Device_Pro,North,105,52500,0.46,24281.32,Enterprise,Partner
2023-08-09,Gadget_Z,East,67,20100,0.39,7859.96,Consumer,Marketing
2023-08-09,Gadget_X,East,23,1150,0.4,455.53,Consumer,Web
2023-08-09,Gadget_Y,South,17,2550,0.29,751.51,Enterprise,Partner
2023-08-09,Gadget_X,South,16,800,0.41,327.02,SMB,Direct
2023-08-09,Widget_A,East,11,880,0.39,346.11,SMB,Referral
2023-08-09,Gadget_Z,East,40,12000,0.43,5210.76,Consumer,Direct
2023-08-09,Gadget_X,East,147,7350,0.4,2905.41,SMB,Marketing
2023-08-09,Device_Pro,East,66,33000,0.42,13734.46,Enterprise,Marketing
2023-08-10,Device_Pro,West,127,63500,0.45,28312.96,Consumer,Web
2023-08-10,Gadget_X,North,29,1450,0.39,562.22,SMB,Direct
2023-08-10,Gadget_Z,North,48,14400,0.44,6365.21,SMB,Marketing
2023-08-10,Device_Pro,East,95,47500,0.44,20985.41,SMB,Referral
2023-08-10,Gadget_Y,North,147,22050,0.35,7690.93,SMB,Direct
2023-08-10,Widget_B,West,84,16800,0.33,5505.13,SMB,Direct
2023-08-10,Gadget_Y,North,100,15000,0.33,4989.07,SMB,Marketing
2023-08-10,Gadget_Z,North,17,5100,0.45,2306.55,SMB,Marketing
2023-08-11,Gadget_Y,West,22,3300,0.32,1067.16,Enterprise,Marketing
2023-08-11,Widget_B,West,131,26200,0.33,8624.38,Enterprise,Web
2023-08-11,Gadget_Y,West,133,19950,0.27,5395.81,Consumer,Marketing
2023-08-11,Device_Pro,North,67,33500,0.47,15622.4,Enterprise,Partner
2023-08-11,Widget_B,East,103,20600,0.3,6218.25,SMB,Marketing
2023-08-11,Device_Pro,South,15,7500,0.49,3699.87,Consumer,Direct
2023-08-11,Gadget_Y,West,98,14700,0.28,4143.01,SMB,Direct
2023-08-11,Gadget_Z,North,119,35700,0.41,14664.82,SMB,Direct
2023-08-12,Widget_B,East,72,14400,0.32,4554.52,Enterprise,Direct
2023-08-12,Widget_A,South,114,9120,0.38,3450.0,SMB,Marketing
2023-08-12,Gadget_X,North,57,2850,0.39,1113.67,SMB,Partner
2023-08-12,Gadget_Y,East,113,16950,0.28,4750.94,Consumer,Partner
2023-08-12,Widget_B,North,9,1800,0.33,599.55,SMB,Direct
2023-08-12,Gadget_Y,East,31,4650,0.28,1313.42,SMB,Marketing
2023-08-12,Widget_B,West,90,18000,0.28,5118.4,SMB,Direct
2023-08-12,Gadget_Y,North,30,4500,0.33,1485.74,Enterprise,Referral
2023-08-13,Gadget_Y,North,18,2700,0.29,779.5,Enterprise,Partner
2023-08-13,Gadget_Z,East,34,10200,0.44,4497.54,SMB,Partner
2023-08-13,Widget_A,East,126,10080,0.37,3765.13,SMB,Marketing
2023-08-13,Widget_A,East,117,9360,0.38,3590.45,Consumer,Marketing
2023-08-13,Gadget_X,West,145,7250,0.43,3108.56,SMB,Partner
2023-08-13,Widget_A,West,43,3440,0.34,1172.6,SMB,Marketing
2023-08-13,Device_Pro,North,56,28000,0.43,12113.17,Consumer,Partner
2023-08-13,Gadget_X,West,120,6000,0.39,2355.63,SMB,Web
2023-08-14,Gadget_Y,South,109,16350,0.26,4330.6,SMB,Direct
2023-08-14,Gadget_Y,East,144,21600,0.27,5808.61,Consumer,Marketing
2023-08-14,Gadget_X,East,6,300,0.35,106.13,SMB,Marketing
2023-08-14,Widget_B,North,33,6600,0.28,1870.57,SMB,Partner
2023-08-14,Widget_A,East,72,5760,0.33,1911.77,SMB,Referral
2023-08-14,Gadget_Z,South,111,33300,0.45,15082.64,SMB,Direct
2023-08-14,Gadget_Z,West,23,6900,0.45,3096.71,SMB,Partner
2023-08-14,Device_Pro,West,35,17500,0.42,7283.28,SMB,Partner
2023-08-15,Gadget_Z,North,25,7500,0.46,3458.55,SMB,Referral
2023-08-15,Gadget_Y,South,83,12450,0.3,3696.13,Enterprise,Referral
2023-08-15,Widget_B,South,147,29400,0.38,11090.31,Enterprise,Partner
2023-08-15,Gadget_Z,East,5,1500,0.44,666.61,SMB,Partner
2023-08-15,Widget_A,West,80,6400,0.34,2190.44,SMB,Marketing
2023-08-15,Widget_A,West,103,8240,0.34,2789.76,Consumer,Partner
2023-08-15,Device_Pro,East,27,13500,0.47,6322.72,SMB,Direct
2023-08-15,Widget_A,East,84,6720,0.32,2125.07,SMB,Direct
2023-08-16,Widget_A,West,93,7440,0.37,2771.65,Consumer,Web
2023-08-16,Gadget_Y,East,95,14250,0.27,3860.97,Enterprise,Direct
2023-08-16,Gadget_Y,East,100,15000,0.31,4617.31,SMB,Partner
2023-08-16,Gadget_X,East,40,2000,0.36,712.27,SMB,Partner
2023-08-16,Device_Pro,East,44,22000,0.4,8816.28,Consumer,Direct
2023-08-16,Gadget_Y,North,60,9000,0.28,2480.24,Enterprise,Web
2023-08-16,Widget_A,South,133,10640,0.35,3722.82,Consumer,Web
2023-08-16,Widget_B,East,109,21800,0.36,7917.99,SMB,Marketing
2023-08-17,Gadget_Y,North,79,11850,0.33,3865.43,Consumer,Referral
2023-08-17,Device_Pro,West,107,53500,0.44,23434.42,Consumer,Referral
2023-08-17,Widget_B,West,18,3600,0.34,1214.39,Enterprise,Marketing
2023-08-17,Device_Pro,East,85,42500,0.43,18243.48,SMB,Direct
2023-08-17,Widget_B,West,135,27000,0.36,9609.88,SMB,Web
2023-08-17,Widget_B,East,32,6400,0.31,2012.14,Consumer,Partner
2023-08-17,Gadget_Y,East,58,8700,0.3,2611.8,SMB,Marketing
2023-08-17,Device_Pro,South,69,34500,0.45,15375.27,SMB,Referral
2023-08-18,Widget_B,South,15,3000,0.3,903.06,SMB,Marketing
2023-08-18,Widget_B,West,62,12400,0.33,4112.18,Enterprise,Referral
2023-08-18,Gadget_Y,North,108,16200,0.31,4945.11,SMB,Web
2023-08-18,Gadget_Z,South,140,42000,0.41,17254.59,SMB,Referral
2023-08-18,Widget_A,North,56,4480,0.33,1500.04,Enterprise,Web
2023-08-18,Gadget_Y,North,68,10200,0.28,2818.71,SMB,Direct
2023-08-18,Widget_B,South,97,19400,0.37,7099.52,Consumer,Partner
2023-08-18,Widget_B,South,103,20600,0.36,7443.72,SMB,Marketing
2023-08-19,Gadget_Y,West,134,20100,0.32,6341.76,Enterprise,Marketing
2023-08-19,Widget_B,East,140,28000,0.37,10379.26,SMB,Marketing
2023-08-19,Gadget_X,East,51,2550,0.36,912.22,SMB,Direct
2023-08-19,Gadget_Y,East,91,13650,0.32,4351.34,Enterprise,Web
2023-08-19,Gadget_Y,South,37,5550,0.27,1514.3,SMB,Referral
2023-08-19,Widget_B,West,138,27600,0.32,8848.45,SMB,Direct
2023-08-19,Widget_B,North,12,2400,0.3,721.85,Enterprise,Partner
2023-08-19,Gadget_X,South,121,6050,0.39,2372.26,Enterprise,Direct
2023-08-20,Gadget_Y,West,13,1950,0.26,498.82,Enterprise,Referral
2023-08-20,Gadget_Y,East,118,17700,0.27,4761.7,SMB,Partner
2023-08-20,Device_Pro,East,37,18500,0.47,8678.24,SMB,Referral
2023-08-20,Widget_B,North,52,10400,0.3,3078.96,Consumer,Partner
2023-08-20,Widget_B,East,88,17600,0.3,5198.59,Enterprise,Partner
2023-08-20,Gadget_X,East,23,1150,0.42,482.21,Consumer,Web
2023-08-20,Widget_A,North,42,3360,0.37,1226.76,SMB,Referral
2023-08-20,Gadget_Y,North,122,18300,0.28,5196.3,Enterprise,Marketing
2023-08-21,Gadget_Y,North,94,14100,0.29,4088.93,Enterprise,Partner
2023-08-21,Gadget_Z,South,99,29700,0.47,13963.08,Enterprise,Direct
2023-08-21,Device_Pro,East,98,49000,0.48,23748.5,Consumer,Web
2023-08-21,Widget_B,South,128,25600,0.29,7465.65,Consumer,Referral
2023-08-21,Device_Pro,West,82,41000,0.45,18286.3,SMB,Marketing
2023-08-21,Gadget_Z,North,63,18900,0.46,8622.2,SMB,Direct
2023-08-21,Gadget_Z,South,128,38400,0.44,16741.76,SMB,Partner
2023-08-21,Device_Pro,South,107,53500,0.44,23403.23,SMB,Partner
2023-08-22,Gadget_Y,South,16,2400,0.25,600.41,Enterprise,Referral
2023-08-22,Gadget_X,West,91,4550,0.4,1803.91,Enterprise,Web
2023-08-22,Gadget_Z,North,76,22800,0.47,10752.19,Consumer,Referral
2023-08-22,Gadget_X,East,10,500,0.43,214.08,SMB,Partner
2023-08-22,Gadget_Z,North,41,12300,0.42,5203.1,Consumer,Marketing
2023-08-22,Gadget_Y,East,20,3000,0.35,1039.67,Enterprise,Partner
2023-08-22,Widget_A,South,27,2160,0.33,707.09,Consumer,Referral
2023-08-22,Gadget_X,North,131,6550,0.36,2351.81,Consumer,Referral
2023-08-23,Gadget_Z,East,105,31500,0.4,12479.63,Consumer,Web
2023-08-23,Gadget_Y,South,23,3450,0.26,907.02,SMB,Direct
2023-08-23,Gadget_X,North,103,5150,0.37,1888.12,Enterprise,Web
2023-08-23,Gadget_X,North,118,5900,0.43,2537.57,SMB,Web
2023-08-23,Device_Pro,South,41,20500,0.42,8689.49,Enterprise,Marketing
2023-08-23,Gadget_Z,North,130,39000,0.39,15050.53,Consumer,Partner
2023-08-23,Gadget_X,North,100,5000,0.4,2011.09,Consumer,Web
2023-08-23,Gadget_Y,East,18,2700,0.31,846.56,Enterprise,Partner
2023-08-24,Widget_A,East,131,10480,0.39,4048.19,Consumer,Partner
2023-08-24,Gadget_X,West,123,6150,0.43,2643.57,SMB,Web
2023-08-24,Gadget_Z,West,21,6300,0.48,3008.85,Consumer,Referral
2023-08-24,Gadget_X,West,10,500,0.42,210.38,Consumer,Referral
2023-08-24,Widget_B,South,118,23600,0.3,6985.43,SMB,Partner
2023-08-24,Widget_A,East,55,4400,0.38,1691.57,Consumer,Direct
2023-08-24,Gadget_Z,South,110,33000,0.48,15703.57,SMB,Partner
2023-08-24,Widget_A,North,125,10000,0.3,3019.36,Enterprise,Web
2023-08-25,Gadget_Y,South,106,15900,0.34,5338.86,SMB,Marketing
2023-08-25,Gadget_Z,West,83,24900,0.41,10246.1,Enterprise,Web
2023-08-25,Widget_A,East,72,5760,0.3,1743.84,Enterprise,Direct
2023-08-25,Widget_A,North,52,4160,0.34,1410.82,Enterprise,Referral
2023-08-25,Device_Pro,East,55,27500,0.5,13616.91,SMB,Marketing
2023-08-25,Device_Pro,North,62,31000,0.44,13512.27,Consumer,Partner
2023-08-25,Gadget_Y,South,110,16500,0.29,4793.13,Consumer,Partner
2023-08-25,Gadget_Y,East,137,20550,0.32,6512.83,Consumer,Web
2023-08-26,Gadget_Y,East,47,7050,0.28,1995.2,Consumer,Direct
2023-08-26,Widget_B,South,113,22600,0.35,7985.42,SMB,Marketing
2023-08-26,Gadget_Z,North,107,32100,0.38,12276.6,SMB,Partner
2023-08-26,Gadget_Z,East,149,44700,0.43,19160.66,SMB,Web
2023-08-26,Widget_A,South,95,7600,0.35,2622.42,SMB,Referral
2023-08-26,Gadget_X,East,5,250,0.43,106.56,SMB,Referral
2023-08-26,Gadget_Y,West,82,12300,0.3,3696.88,Enterprise,Marketing
2023-08-26,Device_Pro,East,145,72500,0.45,32460.87,SMB,Marketing
2023-08-27,Device_Pro,North,27,13500,0.46,6155.24,Enterprise,Referral
2023-08-27,Gadget_Z,North,102,30600,0.39,11916.23,Enterprise,Direct
2023-08-27,Widget_A,East,125,10000,0.35,3489.72,Consumer,Direct
2023-08-27,Widget_B,South,91,18200,0.29,5307.15,Consumer,Marketing
2023-08-27,Widget_A,East,118,9440,0.34,3238.11,SMB,Web
2023-08-27,Gadget_Y,West,59,8850,0.32,2834.28,Enterprise,Direct
2023-08-27,Gadget_Y,North,48,7200,0.31,2223.49,Consumer,Partner
2023-08-27,Device_Pro,North,53,26500,0.47,12370.13,Consumer,Direct
2023-08-28,Widget_A,West,137,10960,0.33,3602.67,Enterprise,Direct
2023-08-28,Widget_A,East,131,10480,0.38,3980.23,Enterprise,Partner
2023-08-28,Device_Pro,East,124,62000,0.41,25209.24,Enterprise,Partner
2023-08-28,Gadget_Y,North,96,14400,0.3,4379.4,Enterprise,Referral
2023-08-28,Device_Pro,East,113,56500,0.43,24421.81,Consumer,Referral
2023-08-28,Gadget_X,North,60,3000,0.35,1062.07,SMB,Marketing
2023-08-28,Gadget_Z,South,90,27000,0.42,11285.84,SMB,Web
2023-08-28,Widget_B,North,92,18400,0.36,6676.73,Enterprise,Direct
2023-08-29,Gadget_Z,East,22,6600,0.42,2792.03,SMB,Web
2023-08-29,Gadget_Z,South,86,25800,0.39,10184.84,Consumer,Web
2023-08-29,Gadget_Y,North,63,9450,0.31,2899.76,Enterprise,Marketing
2023-08-29,Gadget_X,East,5,250,0.39,98.48,Consumer,Direct
2023-08-29,Gadget_Y,West,148,22200,0.26,5857.23,Consumer,Partner
2023-08-29,Gadget_X,East,30,1500,0.43,640.97,Consumer,Web
2023-08-29,Gadget_X,East,146,7300,0.42,3030.35,Consumer,Partner
2023-08-29,Gadget_Y,East,21,3150,0.26,805.01,Consumer,Referral
2023-08-30,Gadget_X,South,104,5200,0.38,2001.08,SMB,Web
2023-08-30,Widget_A,North,109,8720,0.32,2783.51,Enterprise,Partner
2023-08-30,Widget_A,South,11,880,0.34,303.42,Enterprise,Referral
2023-08-30,Device_Pro,North,47,23500,0.49,11518.55,Enterprise,Partner
2023-08-30,Device_Pro,West,106,53000,0.4,21362.45,Consumer,Marketing
2023-08-30,Gadget_Y,South,25,3750,0.29,1074.21,Enterprise,Referral
2023-08-30,Gadget_Z,North,86,25800,0.42,10744.31,SMB,Direct
2023-08-30,Widget_B,West,37,7400,0.28,2093.89,SMB,Direct
2023-08-31,Gadget_Y,South,74,11100,0.32,3565.75,SMB,Referral
2023-08-31,Device_Pro,South,78,39000,0.44,17109.92,Consumer,Web
2023-08-31,Widget_A,South,147,11760,0.33,3852.09,SMB,Direct
2023-08-31,Gadget_Y,South,92,13800,0.34,4697.89,Enterprise,Marketing
2023-08-31,Widget_B,North,36,7200,0.33,2379.68,SMB,Referral
2023-08-31,Gadget_Z,West,147,44100,0.41,17891.24,Consumer,Marketing
2023-08-31,Gadget_X,North,124,6200,0.44,2705.6,SMB,Referral
2023-08-31,Widget_B,South,82,16400,0.28,4647.97,SMB,Direct
2023-09-01,Device_Pro,North,53,26500,0.48,12742.82,SMB,Direct
2023-09-01,Widget_B,South,91,18200,0.35,6311.42,Consumer,Referral
2023-09-01,Widget_A,West,17,1360,0.38,517.26,Consumer,Direct
2023-09-01,Gadget_Z,South,80,24000,0.48,11470.76,Enterprise,Direct
2023-09-01,Widget_B,East,101,20200,0.34,6948.46,Consumer,Direct
2023-09-01,Widget_A,South,128,10240,0.3,3097.17,Consumer,Marketing
2023-09-01,Device_Pro,West,93,46500,0.42,19582.85,SMB,Web
2023-09-01,Device_Pro,South,55,27500,0.49,13362.71,SMB,Referral
2023-09-02,Widget_A,West,28,2240,0.32,727.97,SMB,Web
2023-09-02,Gadget_Z,West,6,1800,0.43,769.22,Consumer,Direct
2023-09-02,Widget_B,East,28,5600,0.36,2011.39,Consumer,Marketing
2023-09-02,Gadget_Z,West,75,22500,0.47,10652.19,SMB,Partner
2023-09-02,Widget_A,East,83,6640,0.33,2186.54,Enterprise,Web
2023-09-02,Widget_B,South,89,17800,0.37,6645.23,SMB,Referral
2023-09-02,Gadget_Y,East,32,4800,0.33,1580.54,Consumer,Marketing
2023-09-02,Widget_A,North,131,10480,0.3,3148.79,Consumer,Referral
2023-09-03,Device_Pro,East,84,42000,0.41,17079.07,Enterprise,Partner
2023-09-03,Widget_A,West,122,9760,0.36,3531.95,Consumer,Direct
2023-09-03,Gadget_Y,North,25,3750,0.29,1081.0,SMB,Marketing
2023-09-03,Widget_A,West,62,4960,0.34,1669.69,Consumer,Referral
2023-09-03,Gadget_Y,South,121,18150,0.33,5910.06,Consumer,Partner
2023-09-03,Widget_A,West,99,7920,0.39,3088.82,SMB,Direct
2023-09-03,Device_Pro,West,99,49500,0.41,20383.52,Enterprise,Marketing
2023-09-03,Gadget_X,West,81,4050,0.38,1551.61,Consumer,Marketing
2023-09-04,Gadget_Y,South,98,14700,0.3,4438.8,Enterprise,Direct
2023-09-04,Gadget_Z,North,45,13500,0.43,5847.57,Enterprise,Partner
2023-09-04,Gadget_Z,East,113,33900,0.38,12995.88,Consumer,Marketing
2023-09-04,Gadget_Y,West,20,3000,0.3,900.97,Consumer,Direct
2023-09-04,Gadget_Z,East,7,2100,0.43,899.29,Consumer,Partner
2023-09-04,Device_Pro,East,87,43500,0.44,19194.9,Enterprise,Partner
2023-09-04,Gadget_Z,East,21,6300,0.41,2584.82,SMB,Marketing
2023-09-04,Gadget_Y,North,52,7800,0.29,2239.97,Enterprise,Referral
2023-09-05,Device_Pro,South,146,73000,0.48,35361.5,Consumer,Partner
2023-09-05,Gadget_Z,East,52,15600,0.46,7190.64,Enterprise,Marketing
2023-09-05,Device_Pro,South,114,57000,0.46,26012.55,Consumer,Marketing
2023-09-05,Gadget_Z,South,11,3300,0.45,1479.54,SMB,Direct
2023-09-05,Gadget_Y,South,59,8850,0.29,2554.49,SMB,Marketing
2023-09-05,Widget_B,South,128,25600,0.36,9089.68,SMB,Web
2023-09-05,Widget_B,North,67,13400,0.31,4121.94,SMB,Referral
2023-09-05,Device_Pro,South,77,38500,0.48,18378.15,SMB,Partner
2023-09-06,Gadget_X,North,42,2100,0.45,935.97,SMB,Direct
2023-09-06,Gadget_Y,North,20,3000,0.32,949.73,SMB,Marketing
2023-09-06,Widget_A,North,99,7920,0.36,2876.46,SMB,Web
2023-09-06,Widget_B,South,49,9800,0.31,3063.6,Consumer,Partner
2023-09-06,Device_Pro,West,108,54000,0.47,25175.69,SMB,Referral
2023-09-06,Gadget_Z,North,74,22200,0.46,10191.26,Enterprise,Web
2023-09-06,Widget_B,North,20,4000,0.32,1273.77,Consumer,Web
2023-09-06,Gadget_Y,East,115,17250,0.25,4356.03,SMB,Marketing
2023-09-07,Gadget_Y,North,41,6150,0.29,1786.39,SMB,Referral
2023-09-07,Device_Pro,East,8,4000,0.42,1689.28,Enterprise,Web
2023-09-07,Gadget_Y,West,144,21600,0.3,6478.24,Consumer,Referral
2023-09-07,Device_Pro,East,92,46000,0.45,20761.13,SMB,Direct
2023-09-07,Gadget_X,East,14,700,0.38,264.87,Consumer,Referral
2023-09-07,Device_Pro,North,120,60000,0.4,24245.04,SMB,Referral
2023-09-07,Widget_A,North,112,8960,0.36,3214.13,SMB,Referral
2023-09-07,Widget_A,East,62,4960,0.33,1619.19,Enterprise,Web
2023-09-08,Gadget_Z,West,133,39900,0.4,16091.95,SMB,Marketing
2023-09-08,Widget_B,North,15,3000,0.35,1054.21,Consumer,Direct
2023-09-08,Widget_B,East,59,11800,0.32,3720.02,Consumer,Referral
2023-09-08,Gadget_Z,West,63,18900,0.38,7266.09,Consumer,Referral
2023-09-08,Device_Pro,South,130,65000,0.49,31614.08,SMB,Web
2023-09-08,Device_Pro,East,109,54500,0.43,23264.45,SMB,Web
2023-09-08,Gadget_Z,East,24,7200,0.46,3336.88,Enterprise,Referral
2023-09-08,Widget_A,West,98,7840,0.35,2715.38,SMB,Partner
2023-09-09,Device_Pro,East,129,64500,0.46,29901.46,SMB,Partner
2023-09-09,Device_Pro,East,14,7000,0.47,3319.76,SMB,Partner
2023-09-09,Gadget_Z,North,114,34200,0.41,13882.19,Enterprise,Direct
2023-09-09,Gadget_Z,East,55,16500,0.42,6884.6,Consumer,Web
2023-09-09,Gadget_X,North,64,3200,0.41,1311.63,SMB,Direct
2023-09-09,Gadget_X,West,139,6950,0.4,2809.96,Enterprise,Web
2023-09-09,Gadget_X,West,8,400,0.39,157.25,SMB,Marketing
2023-09-09,Gadget_Z,South,73,21900,0.46,10119.77,Consumer,Marketing
2023-09-10,Widget_A,North,116,9280,0.37,3394.38,Enterprise,Referral
2023-09-10,Gadget_Y,North,131,19650,0.27,5286.6,Consumer,Web
2023-09-10,Gadget_X,West,77,3850,0.42,1597.84,Consumer,Marketing
2023-09-10,Widget_A,South,64,5120,0.36,1818.61,Consumer,Marketing
2023-09-10,Widget_A,South,72,5760,0.36,2046.66,Consumer,Web
2023-09-10,Gadget_Z,East,110,33000,0.39,12890.77,SMB,Referral
2023-09-10,Gadget_X,North,40,2000,0.4,803.92,Enterprise,Direct
2023-09-10,Device_Pro,North,63,31500,0.41,12866.27,Consumer,Marketing
2023-09-11,Device_Pro,West,15,7500,0.43,3225.32,Enterprise,Partner
2023-09-11,Gadget_Z,East,130,39000,0.39,15230.56,Enterprise,Partner
2023-09-11,Gadget_X,South,123,6150,0.36,2243.75,SMB,Partner
2023-09-11,Widget_A,West,125,10000,0.38,3821.9,Consumer,Direct
2023-09-11,Widget_A,West,7,560,0.37,204.48,Enterprise,Partner
2023-09-11,Widget_B,East,20,4000,0.32,1280.49,SMB,Web
2023-09-11,Gadget_Y,South,129,19350,0.25,4904.13,Enterprise,Referral
2023-09-11,Gadget_Y,South,70,10500,0.26,2758.79,SMB,Web
2023-09-12,Gadget_X,South,93,4650,0.39,1800.86,Enterprise,Referral
2023-09-12,Gadget_Z,West,37,11100,0.43,4827.48,SMB,Marketing
2023-09-12,Widget_A,South,30,2400,0.34,809.71,Consumer,Direct
2023-09-12,Gadget_Y,South,52,7800,0.26,2037.71,Consumer,Partner
2023-09-12,Widget_B,West,60,12000,0.33,3964.26,Enterprise,Web
2023-09-12,Gadget_Y,North,131,19650,0.33,6398.16,Consumer,Web
2023-09-12,Device_Pro,South,34,17000,0.49,8281.03,Enterprise,Referral
2023-09-12,Gadget_X,North,81,4050,0.43,1740.7,Consumer,Direct
2023-09-13,Gadget_Z,North,99,29700,0.4,11828.73,Consumer,Direct
2023-09-13,Widget_A,North,15,1200,0.31,366.75,Consumer,Marketing
2023-09-13,Widget_B,East,37,7400,0.32,2353.73,SMB,Referral
2023-09-13,Widget_B,East,130,26000,0.35,9155.86,Consumer,Direct
2023-09-13,Gadget_X,West,105,5250,0.43,2246.2,Enterprise,Partner
2023-09-13,Widget_A,South,96,7680,0.33,2537.52,Enterprise,Direct
2023-09-13,Gadget_Z,East,57,17100,0.39,6607.96,SMB,Direct
2023-09-13,Gadget_X,West,119,5950,0.44,2589.22,SMB,Web
2023-09-14,Device_Pro,North,146,73000,0.45,32640.16,Consumer,Marketing
2023-09-14,Widget_B,South,141,28200,0.36,10286.28,SMB,Partner
2023-09-14,Gadget_X,East,82,4100,0.35,1454.85,Enterprise,Partner
2023-09-14,Widget_B,South,124,24800,0.34,8524.47,Enterprise,Referral
2023-09-14,Gadget_X,East,87,4350,0.45,1942.76,Consumer,Direct
2023-09-14,Widget_B,South,116,23200,0.35,8188.77,Enterprise,Web
2023-09-14,Gadget_Y,North,41,6150,0.31,1876.59,SMB,Marketing
2023-09-14,Device_Pro,South,7,3500,0.49,1707.24,Enterprise,Referral
2023-09-15,Widget_A,South,15,1200,0.34,413.22,SMB,Partner
2023-09-15,Widget_B,South,96,19200,0.29,5574.64,Enterprise,Partner
2023-09-15,Gadget_Z,East,32,9600,0.39,3759.54,Consumer,Marketing
2023-09-15,Gadget_Y,South,99,14850,0.35,5127.04,Consumer,Web
2023-09-15,Device_Pro,South,16,8000,0.43,3455.04,Enterprise,Direct
2023-09-15,Widget_A,West,12,960,0.39,378.29,SMB,Partner
2023-09-15,Gadget_X,West,119,5950,0.43,2585.92,Consumer,Partner
2023-09-15,Gadget_Y,East,48,7200,0.28,2024.09,SMB,Marketing
2023-09-16,Gadget_X,West,96,4800,0.42,2036.01,SMB,Marketing
2023-09-16,Gadget_X,South,97,4850,0.36,1748.03,Consumer,Referral
2023-09-16,Gadget_Y,South,140,21000,0.28,5970.97,Consumer,Marketing
2023-09-16,Gadget_Z,East,65,19500,0.41,8034.18,SMB,Direct
2023-09-16,Gadget_Z,South,51,15300,0.4,6149.48,Consumer,Marketing
2023-09-16,Gadget_X,North,27,1350,0.43,574.53,Consumer,Partner
2023-09-16,Gadget_Z,North,121,36300,0.43,15744.46,Consumer,Marketing
2023-09-16,Gadget_Y,North,71,10650,0.34,3644.44,Enterprise,Direct
2023-09-17,Gadget_X,North,59,2950,0.41,1214.64,Enterprise,Direct
2023-09-17,Gadget_Y,East,68,10200,0.25,2582.39,Consumer,Marketing
2023-09-17,Device_Pro,East,86,43000,0.45,19312.58,Enterprise,Referral
2023-09-17,Widget_B,West,94,18800,0.34,6451.3,SMB,Web
2023-09-17,Device_Pro,East,45,22500,0.42,9483.28,SMB,Referral
2023-09-17,Widget_B,East,29,5800,0.3,1727.92,SMB,Direct
2023-09-17,Device_Pro,North,131,65500,0.41,26731.8,Enterprise,Direct
2023-09-17,Widget_A,North,82,6560,0.36,2335.96,SMB,Partner
2023-09-18,Widget_B,North,45,9000,0.38,3376.14,Consumer,Partner
2023-09-18,Gadget_Y,East,34,5100,0.34,1713.54,SMB,Marketing
2023-09-18,Gadget_Z,West,70,21000,0.38,8023.23,Enterprise,Referral
2023-09-18,Widget_B,East,132,26400,0.37,9881.58,Consumer,Direct
2023-09-18,Widget_B,East,19,3800,0.31,1164.53,SMB,Web
2023-09-18,Gadget_Y,North,77,11550,0.29,3351.02,Consumer,Marketing
2023-09-18,Device_Pro,South,32,16000,0.42,6695.52,Consumer,Marketing
2023-09-18,Gadget_Z,East,29,8700,0.46,3960.9,Enterprise,Referral
2023-09-19,Device_Pro,West,31,15500,0.42,6474.14,Consumer,Partner
2023-09-19,Widget_A,East,110,8800,0.38,3341.22,SMB,Direct
2023-09-19,Widget_A,West,115,9200,0.34,3115.58,Consumer,Partner
2023-09-19,Gadget_X,East,120,6000,0.4,2403.54,Consumer,Web
2023-09-19,Device_Pro,West,13,6500,0.43,2787.87,Enterprise,Direct
2023-09-19,Gadget_X,South,141,7050,0.42,2995.9,SMB,Referral
2023-09-19,Widget_B,North,133,26600,0.3,7878.25,SMB,Web
2023-09-19,Widget_A,North,56,4480,0.32,1433.89,SMB,Referral
2023-09-20,Device_Pro,South,56,28000,0.47,13069.21,SMB,Web
2023-09-20,Gadget_Y,East,70,10500,0.34,3618.0,SMB,Direct
2023-09-20,Device_Pro,South,20,10000,0.44,4396.72,Consumer,Web
2023-09-20,Gadget_Y,North,139,20850,0.33,6871.39,SMB,Partner
2023-09-20,Widget_B,South,69,13800,0.36,4974.22,SMB,Referral
2023-09-20,Widget_A,South,17,1360,0.38,516.55,Consumer,Referral
2023-09-20,Widget_B,South,42,8400,0.38,3189.77,Enterprise,Referral
2023-09-20,Widget_B,West,28,5600,0.3,1697.12,SMB,Direct
2023-09-21,Widget_B,East,129,25800,0.35,8999.02,Enterprise,Direct
2023-09-21,Widget_A,East,50,4000,0.3,1219.74,Enterprise,Direct
2023-09-21,Widget_A,West,141,11280,0.34,3782.71,Consumer,Web
2023-09-21,Gadget_X,West,92,4600,0.42,1927.94,SMB,Partner
2023-09-21,Gadget_Y,West,116,17400,0.34,5865.11,Consumer,Direct
2023-09-21,Gadget_Y,East,122,18300,0.31,5586.2,Consumer,Marketing
2023-09-21,Gadget_X,North,121,6050,0.38,2288.42,Consumer,Marketing
2023-09-21,Widget_A,East,16,1280,0.32,410.43,Enterprise,Direct
2023-09-22,Gadget_X,East,132,6600,0.37,2445.81,SMB,Direct
2023-09-22,Gadget_Y,West,100,15000,0.33,4885.27,SMB,Web
2023-09-22,Gadget_Z,West,60,18000,0.4,7235.48,Enterprise,Partner
2023-09-22,Widget_B,North,60,12000,0.37,4404.75,Enterprise,Direct
2023-09-22,Gadget_X,West,138,6900,0.36,2508.86,Enterprise,Partner
2023-09-22,Gadget_Z,East,125,37500,0.4,14947.96,Enterprise,Marketing
2023-09-22,Device_Pro,North,60,30000,0.49,14570.44,Enterprise,Web
2023-09-22,Gadget_Y,West,48,7200,0.26,1846.55,Consumer,Web
2023-09-23,Gadget_Z,West,49,14700,0.38,5630.44,SMB,Marketing
2023-09-23,Gadget_Z,North,92,27600,0.4,11103.48,Consumer,Marketing
2023-09-23,Device_Pro,South,53,26500,0.49,13096.73,SMB,Partner
2023-09-23,Gadget_Z,East,143,42900,0.43,18610.83,Consumer,Marketing
2023-09-23,Gadget_Z,North,131,39300,0.4,15834.58,SMB,Direct
2023-09-23,Widget_B,East,18,3600,0.36,1306.01,SMB,Marketing
2023-09-23,Device_Pro,South,121,60500,0.43,26183.2,Consumer,Web
2023-09-23,Widget_B,North,19,3800,0.33,1262.89,Consumer,Partner
2023-09-24,Gadget_Z,West,32,9600,0.46,4416.3,Consumer,Partner
2023-09-24,Gadget_X,West,60,3000,0.39,1174.34,Consumer,Web
2023-09-24,Gadget_Y,East,39,5850,0.34,1970.75,SMB,Marketing
2023-09-24,Widget_B,South,32,6400,0.3,1895.09,SMB,Marketing
2023-09-24,Gadget_Z,East,134,40200,0.41,16304.51,SMB,Referral
2023-09-24,Gadget_Y,South,107,16050,0.35,5542.81,SMB,Direct
2023-09-24,Device_Pro,West,142,71000,0.48,34065.73,SMB,Web
2023-09-24,Device_Pro,West,90,45000,0.48,21477.37,SMB,Web
2023-09-25,Device_Pro,East,83,41500,0.43,17897.0,Enterprise,Referral
2023-09-25,Gadget_Y,East,113,16950,0.29,4894.44,SMB,Web
2023-09-25,Gadget_X,West,120,6000,0.44,2656.58,Consumer,Direct
2023-09-25,Gadget_Z,North,135,40500,0.45,18100.14,Enterprise,Web
2023-09-25,Gadget_X,East,110,5500,0.36,1955.46,Consumer,Partner
2023-09-25,Device_Pro,North,134,67000,0.45,29992.43,Consumer,Marketing
2023-09-25,Gadget_Z,East,127,38100,0.47,17967.4,SMB,Marketing
2023-09-25,Gadget_Y,South,86,12900,0.29,3707.87,Consumer,Direct
2023-09-26,Widget_B,East,103,20600,0.38,7794.79,Enterprise,Direct
2023-09-26,Widget_A,West,112,8960,0.37,3299.47,SMB,Marketing
2023-09-26,Gadget_Z,East,90,27000,0.4,10698.67,Consumer,Marketing
2023-09-26,Device_Pro,West,122,61000,0.44,26973.16,SMB,Web
2023-09-26,Widget_A,North,34,2720,0.36,969.13,SMB,Web
2023-09-26,Widget_B,South,70,14000,0.32,4432.42,SMB,Partner
2023-09-26,Gadget_Y,West,116,17400,0.34,5896.9,Consumer,Marketing
2023-09-26,Widget_A,North,97,7760,0.32,2481.45,Enterprise,Direct
2023-09-27,Gadget_Y,South,54,8100,0.31,2523.34,SMB,Direct
2023-09-27,Gadget_X,East,103,5150,0.36,1866.03,SMB,Marketing
2023-09-27,Widget_A,North,15,1200,0.34,411.41,Enterprise,Direct
2023-09-27,Gadget_X,East,149,7450,0.38,2812.81,Enterprise,Referral
2023-09-27,Gadget_X,East,58,2900,0.36,1032.29,Enterprise,Web
2023-09-27,Widget_B,West,45,9000,0.29,2576.39,Enterprise,Direct
2023-09-27,Gadget_X,East,11,550,0.39,216.38,Consumer,Referral
2023-09-27,Widget_A,North,107,8560,0.36,3119.26,Consumer,Partner
2023-09-28,Device_Pro,South,107,53500,0.42,22672.23,SMB,Web
2023-09-28,Device_Pro,West,140,70000,0.47,32764.81,Enterprise,Web
2023-09-28,Gadget_Y,North,61,9150,0.28,2530.99,Enterprise,Referral
2023-09-28,Device_Pro,West,79,39500,0.49,19201.6,SMB,Referral
2023-09-28,Widget_B,West,145,29000,0.34,9967.4,SMB,Web
2023-09-28,Widget_B,South,8,1600,0.35,558.44,Enterprise,Partner
2023-09-28,Widget_B,North,35,7000,0.3,2107.43,Consumer,Web
2023-09-28,Gadget_Y,West,10,1500,0.29,435.72,Enterprise,Marketing
2023-09-29,Gadget_Y,North,116,17400,0.26,4542.61,SMB,Partner
2023-09-29,Device_Pro,North,123,61500,0.46,28317.22,Consumer,Direct
2023-09-29,Widget_B,East,63,12600,0.38,4774.12,SMB,Web
2023-09-29,Widget_A,South,29,2320,0.4,918.08,SMB,Web
2023-09-29,Gadget_Z,North,128,38400,0.46,17729.91,Enterprise,Referral
2023-09-29,Widget_A,North,38,3040,0.31,931.9,SMB,Direct
2023-09-29,Gadget_Y,West,38,5700,0.31,1743.18,Consumer,Marketing
2023-09-29,Gadget_X,East,63,3150,0.36,1131.1,SMB,Marketing
2023-09-30,Gadget_X,East,55,2750,0.36,977.0,Consumer,Marketing
2023-09-30,Widget_B,West,130,26000,0.36,9457.72,Enterprise,Partner
2023-09-30,Widget_A,East,66,5280,0.36,1904.54,Enterprise,Partner
2023-09-30,Gadget_Y,West,45,6750,0.33,2213.61,Consumer,Referral
2023-09-30,Gadget_Z,North,146,43800,0.38,16845.25,Enterprise,Marketing
2023-09-30,Gadget_Y,West,146,21900,0.26,5751.54,Enterprise,Marketing
2023-09-30,Gadget_Y,North,74,11100,0.3,3306.49,Enterprise,Direct
2023-09-30,Gadget_X,West,101,5050,0.42,2141.55,Enterprise,Direct
2023-10-01,Widget_B,West,35,7000,0.32,2256.71,SMB,Partner
2023-10-01,Device_Pro,West,104,52000,0.4,20954.13,SMB,Direct
2023-10-01,Widget_B,East,11,2200,0.3,650.19,Consumer,Direct
2023-10-01,Widget_B,West,91,18200,0.34,6097.22,SMB,Referral
2023-10-01,Gadget_Z,North,103,30900,0.43,13314.09,SMB,Referral
2023-10-01,Device_Pro,East,138,69000,0.47,32356.0,Enterprise,Marketing
2023-10-01,Gadget_Z,South,38,11400,0.41,4670.43,Consumer,Marketing
2023-10-01,Widget_A,South,69,5520,0.35,1934.16,SMB,Direct
2023-10-02,Widget_B,East,143,28600,0.31,8818.65,SMB,Direct
2023-10-02,Widget_A,North,127,10160,0.3,3097.2,SMB,Web
2023-10-02,Gadget_Z,South,36,10800,0.41,4384.38,Consumer,Referral
2023-10-02,Gadget_Z,South,120,36000,0.41,14663.39,SMB,Referral
2023-10-02,Widget_B,East,115,23000,0.38,8684.55,Enterprise,Direct
2023-10-02,Gadget_Z,East,119,35700,0.48,17132.09,SMB,Partner
2023-10-02,Widget_B,North,63,12600,0.35,4436.41,Consumer,Marketing
2023-10-02,Gadget_Z,East,99,29700,0.43,12882.43,Consumer,Partner
2023-10-03,Gadget_Z,South,89,26700,0.45,11960.5,Enterprise,Referral
2023-10-03,Gadget_Z,East,64,19200,0.39,7427.7,Enterprise,Direct
2023-10-03,Gadget_X,East,67,3350,0.37,1238.34,Enterprise,Marketing
2023-10-03,Gadget_Z,East,49,14700,0.4,5832.7,Enterprise,Referral
2023-10-03,Widget_A,East,25,2000,0.35,691.34,SMB,Direct
2023-10-03,Gadget_Z,South,71,21300,0.44,9408.68,Consumer,Marketing
2023-10-03,Gadget_Z,South,69,20700,0.45,9333.9,SMB,Direct
2023-10-03,Gadget_X,West,112,5600,0.45,2504.97,Enterprise,Referral
2023-10-04,Device_Pro,South,26,13000,0.43,5635.53,Consumer,Referral
2023-10-04,Gadget_Y,South,58,8700,0.35,3007.96,Enterprise,Web
2023-10-04,Gadget_Y,East,135,20250,0.29,5792.34,Enterprise,Marketing
2023-10-04,Device_Pro,West,103,51500,0.49,25293.1,SMB,Referral
2023-10-04,Gadget_X,South,20,1000,0.44,439.74,Consumer,Partner
2023-10-04,Gadget_Z,South,85,25500,0.38,9762.19,SMB,Marketing
2023-10-04,Widget_A,North,128,10240,0.37,3803.16,Enterprise,Web
2023-10-04,Widget_B,North,148,29600,0.29,8589.62,Enterprise,Referral
2023-10-05,Widget_B,East,98,19600,0.3,5891.63,Consumer,Partner
2023-10-05,Gadget_Z,East,46,13800,0.41,5669.58,SMB,Marketing
2023-10-05,Widget_B,North,136,27200,0.31,8507.34,SMB,Partner
2023-10-05,Widget_A,South,108,8640,0.34,2952.32,Enterprise,Marketing
2023-10-05,Widget_B,East,72,14400,0.35,5009.88,Consumer,Web
2023-10-05,Gadget_Y,North,81,12150,0.35,4237.06,Enterprise,Direct
2023-10-05,Gadget_Y,West,103,15450,0.34,5196.67,SMB,Marketing
2023-10-05,Gadget_X,East,123,6150,0.41,2544.54,Consumer,Partner
2023-10-06,Device_Pro,East,120,60000,0.49,29364.67,SMB,Direct
2023-10-06,Gadget_Z,South,149,44700,0.43,19417.92,SMB,Referral
2023-10-06,Gadget_Y,South,85,12750,0.29,3758.36,SMB,Direct
2023-10-06,Gadget_Y,South,65,9750,0.3,2956.19,Enterprise,Direct
2023-10-06,Gadget_Y,North,17,2550,0.33,849.41,Enterprise,Marketing
2023-10-06,Widget_A,North,142,11360,0.38,4340.27,SMB,Direct
2023-10-06,Widget_A,North,36,2880,0.39,1128.15,Enterprise,Marketing
2023-10-06,Gadget_Y,East,30,4500,0.27,1235.03,SMB,Marketing
2023-10-07,Gadget_Z,West,26,7800,0.43,3390.25,SMB,Web
2023-10-07,Widget_B,East,126,25200,0.3,7532.22,Consumer,Direct
2023-10-07,Gadget_Y,East,137,20550,0.31,6389.33,Consumer,Direct
2023-10-07,Widget_A,East,57,4560,0.37,1670.79,SMB,Web
2023-10-07,Widget_A,North,19,1520,0.33,505.29,Enterprise,Referral
2023-10-07,Widget_A,East,22,1760,0.39,686.48,SMB,Web
2023-10-07,Widget_B,North,120,24000,0.29,7069.59,SMB,Marketing
2023-10-07,Gadget_Z,East,55,16500,0.44,7327.83,Consumer,Marketing
2023-10-08,Device_Pro,West,19,9500,0.45,4274.92,Enterprise,Marketing
2023-10-08,Widget_A,West,50,4000,0.37,1483.09,Consumer,Partner
2023-10-08,Widget_B,West,93,18600,0.38,7065.0,SMB,Partner
2023-10-08,Device_Pro,West,135,67500,0.41,27842.78,SMB,Referral
2023-10-08,Gadget_X,West,135,6750,0.43,2927.04,SMB,Marketing
2023-10-08,Gadget_Y,North,16,2400,0.26,631.74,Consumer,Marketing
2023-10-08,Widget_A,East,17,1360,0.36,492.44,SMB,Direct
2023-10-08,Widget_A,North,90,7200,0.37,2672.39,Consumer,Partner
2023-10-09,Gadget_Z,West,51,15300,0.43,6511.78,SMB,Marketing
2023-10-09,Gadget_Z,West,46,13800,0.41,5713.88,SMB,Direct
2023-10-09,Widget_A,East,83,6640,0.35,2333.86,Enterprise,Direct
2023-10-09,Widget_B,South,94,18800,0.32,6046.36,SMB,Direct
2023-10-09,Gadget_Y,West,14,2100,0.26,538.82,Enterprise,Partner
2023-10-09,Gadget_Z,East,104,31200,0.46,14403.82,SMB,Web
2023-10-09,Widget_B,East,37,7400,0.35,2574.96,Consumer,Direct
2023-10-09,Device_Pro,South,83,41500,0.44,18409.23,SMB,Referral
2023-10-10,Gadget_Y,North,21,3150,0.35,1089.71,Consumer,Web
2023-10-10,Gadget_X,South,149,7450,0.41,3062.48,Consumer,Partner
2023-10-10,Widget_A,West,127,10160,0.31,3140.05,SMB,Web
2023-10-10,Gadget_Y,West,115,17250,0.3,5137.85,Enterprise,Partner
2023-10-10,Gadget_Y,East,56,8400,0.29,2409.25,SMB,Referral
2023-10-10,Device_Pro,South,7,3500,0.4,1400.04,Enterprise,Referral
2023-10-10,Gadget_X,West,26,1300,0.41,527.1,Consumer,Referral
2023-10-10,Widget_B,East,57,11400,0.3,3371.35,SMB,Direct
2023-10-11,Gadget_Y,North,124,18600,0.27,4941.61,SMB,Partner
2023-10-11,Widget_A,East,78,6240,0.39,2427.77,Enterprise,Partner
2023-10-11,Widget_B,North,18,3600,0.29,1040.35,Consumer,Direct
2023-10-11,Gadget_X,East,42,2100,0.38,804.18,Enterprise,Direct
2023-10-11,Widget_A,North,146,11680,0.31,3578.39,SMB,Direct
2023-10-11,Widget_A,North,29,2320,0.39,907.67,SMB,Marketing
2023-10-11,Gadget_X,South,106,5300,0.38,1990.98,Consumer,Partner
2023-10-11,Gadget_X,East,105,5250,0.45,2351.46,Enterprise,Marketing
2023-10-12,Gadget_Y,West,91,13650,0.26,3489.9,Consumer,Partner
2023-10-12,Gadget_Y,West,131,19650,0.31,6125.01,SMB,Referral
2023-10-12,Gadget_X,East,50,2500,0.38,939.79,Consumer,Partner
2023-10-12,Device_Pro,East,33,16500,0.44,7249.68,SMB,Referral
2023-10-12,Gadget_Y,West,33,4950,0.26,1281.81,Enterprise,Referral
2023-10-12,Device_Pro,West,52,26000,0.41,10677.38,Consumer,Web
2023-10-12,Gadget_Y,West,115,17250,0.28,4832.62,Enterprise,Referral
2023-10-12,Widget_B,East,27,5400,0.33,1771.77,SMB,Partner
2023-10-13,Gadget_X,South,137,6850,0.39,2670.58,Enterprise,Partner
2023-10-13,Device_Pro,East,60,30000,0.44,13062.76,SMB,Direct
2023-10-13,Widget_B,South,13,2600,0.35,913.04,Consumer,Partner
2023-10-13,Widget_B,South,88,17600,0.32,5601.08,Enterprise,Marketing
2023-10-13,Widget_A,North,71,5680,0.36,2069.72,SMB,Direct
2023-10-13,Gadget_Z,East,89,26700,0.47,12599.0,Enterprise,Web
2023-10-13,Widget_A,East,87,6960,0.3,2103.17,Consumer,Direct
2023-10-13,Widget_B,East,141,28200,0.29,8071.78,SMB,Direct
2023-10-14,Widget_B,East,31,6200,0.29,1771.19,SMB,Partner
2023-10-14,Gadget_X,South,35,1750,0.44,765.23,Consumer,Marketing
2023-10-14,Widget_B,West,75,15000,0.34,5088.88,Consumer,Direct
2023-10-14,Gadget_Y,East,99,14850,0.31,4676.35,Enterprise,Direct
2023-10-14,Gadget_X,North,10,500,0.36,178.05,Enterprise,Direct
2023-10-14,Gadget_Z,West,71,21300,0.42,8855.61,Enterprise,Partner
2023-10-14,Gadget_Y,East,35,5250,0.34,1798.47,SMB,Partner
2023-10-14,Gadget_X,West,136,6800,0.37,2506.44,SMB,Partner
2023-10-15,Device_Pro,East,30,15000,0.42,6288.07,Enterprise,Partner
2023-10-15,Widget_A,East,149,11920,0.37,4457.62,Consumer,Partner
2023-10-15,Gadget_X,North,111,5550,0.41,2259.89,Consumer,Referral
2023-10-15,Gadget_Z,North,143,42900,0.46,19708.61,SMB,Direct
2023-10-15,Gadget_Y,South,91,13650,0.34,4578.94,SMB,Partner
2023-10-15,Widget_A,East,10,800,0.32,259.17,Consumer,Referral
2023-10-15,Widget_B,South,112,22400,0.34,7691.92,SMB,Web
2023-10-15,Gadget_Y,West,99,14850,0.32,4745.14,Consumer,Partner
2023-10-16,Gadget_X,South,11,550,0.39,213.64,SMB,Partner
2023-10-16,Gadget_Y,West,115,17250,0.33,5771.63,Consumer,Partner
2023-10-16,Device_Pro,South,16,8000,0.46,3660.75,Enterprise,Partner
2023-10-16,Gadget_X,East,85,4250,0.41,1730.82,Consumer,Web
2023-10-16,Gadget_Z,South,30,9000,0.39,3509.07,Consumer,Direct
2023-10-16,Gadget_Z,South,28,8400,0.46,3834.12,SMB,Partner
2023-10-16,Gadget_Z,North,50,15000,0.41,6178.19,SMB,Partner
2023-10-16,Gadget_Y,East,29,4350,0.26,1116.93,Consumer,Referral
2023-10-17,Widget_B,East,129,25800,0.32,8140.5,SMB,Referral
2023-10-17,Widget_A,East,73,5840,0.39,2258.56,SMB,Direct
2023-10-17,Widget_A,East,74,5920,0.38,2266.98,SMB,Direct
2023-10-17,Gadget_Z,West,11,3300,0.45,1497.7,SMB,Partner
2023-10-17,Gadget_Y,East,33,4950,0.26,1268.42,Consumer,Direct
2023-10-17,Gadget_X,South,41,2050,0.37,750.01,Consumer,Web
2023-10-17,Gadget_Y,West,14,2100,0.28,583.91,Consumer,Marketing
2023-10-17,Gadget_X,West,99,4950,0.38,1900.02,Consumer,Partner
2023-10-18,Device_Pro,South,76,38000,0.44,16763.08,SMB,Web
2023-10-18,Gadget_X,East,75,3750,0.42,1563.85,SMB,Partner
2023-10-18,Device_Pro,West,125,62500,0.41,25758.77,Consumer,Referral
2023-10-18,Gadget_X,North,136,6800,0.38,2563.76,Enterprise,Direct
2023-10-18,Gadget_Z,North,112,33600,0.47,15875.65,Consumer,Referral
2023-10-18,Device_Pro,West,33,16500,0.46,7578.79,SMB,Direct
2023-10-18,Widget_A,South,11,880,0.33,290.63,SMB,Marketing
2023-10-18,Widget_A,East,47,3760,0.38,1440.32,SMB,Marketing
2023-10-19,Gadget_Y,North,129,19350,0.29,5537.15,Enterprise,Referral
2023-10-19,Widget_A,North,22,1760,0.32,570.18,Enterprise,Direct
2023-10-19,Gadget_X,West,110,5500,0.39,2149.8,Consumer,Marketing
2023-10-19,Widget_A,West,85,6800,0.32,2162.7,SMB,Partner
2023-10-19,Device_Pro,North,40,20000,0.48,9602.67,SMB,Partner
2023-10-19,Widget_A,North,133,10640,0.31,3320.12,SMB,Referral
2023-10-19,Widget_A,North,95,7600,0.38,2855.95,SMB,Marketing
2023-10-19,Device_Pro,East,99,49500,0.44,21765.64,SMB,Partner
2023-10-20,Device_Pro,South,104,52000,0.42,21772.77,Consumer,Partner
2023-10-20,Widget_B,South,47,9400,0.36,3421.82,Enterprise,Marketing
2023-10-20,Gadget_Z,West,80,24000,0.42,10036.33,SMB,Direct
2023-10-20,Gadget_Z,East,121,36300,0.45,16467.32,Enterprise,Web
2023-10-20,Widget_B,West,74,14800,0.36,5390.0,Consumer,Web
2023-10-20,Gadget_Y,North,12,1800,0.31,556.5,SMB,Partner
2023-10-20,Device_Pro,West,119,59500,0.44,26436.76,Enterprise,Referral
2023-10-20,Gadget_Z,North,61,18300,0.41,7567.86,Consumer,Referral
2023-10-21,Widget_B,East,117,23400,0.34,7905.34,SMB,Direct
2023-10-21,Widget_B,East,113,22600,0.37,8336.79,Enterprise,Web
2023-10-21,Widget_A,East,62,4960,0.32,1607.39,Enterprise,Marketing
2023-10-21,Device_Pro,East,76,38000,0.41,15555.71,SMB,Marketing
2023-10-21,Gadget_X,North,59,2950,0.4,1176.06,Enterprise,Partner
2023-10-21,Gadget_X,West,26,1300,0.35,458.7,Enterprise,Web
2023-10-21,Gadget_Z,West,25,7500,0.44,3299.63,SMB,Direct
2023-10-21,Gadget_X,East,100,5000,0.38,1915.47,SMB,Marketing
2023-10-22,Gadget_Y,South,143,21450,0.31,6731.23,Consumer,Marketing
2023-10-22,Widget_B,South,33,6600,0.32,2134.39,SMB,Partner
2023-10-22,Widget_A,North,9,720,0.31,222.32,Consumer,Marketing
2023-10-22,Gadget_X,North,118,5900,0.36,2130.45,Consumer,Marketing
2023-10-22,Widget_A,West,131,10480,0.32,3310.44,SMB,Marketing
2023-10-22,Gadget_Y,West,118,17700,0.28,5042.34,SMB,Direct
2023-10-22,Gadget_Y,East,6,900,0.27,245.51,Enterprise,Partner
2023-10-22,Gadget_Y,South,72,10800,0.35,3748.79,SMB,Marketing
2023-10-23,Gadget_X,South,118,5900,0.43,2514.0,Consumer,Referral
2023-10-23,Device_Pro,South,18,9000,0.45,4071.82,SMB,Referral
2023-10-23,Device_Pro,East,57,28500,0.47,13354.42,SMB,Referral
2023-10-23,Gadget_Y,West,49,7350,0.32,2373.05,SMB,Web
2023-10-23,Widget_B,North,49,9800,0.35,3402.05,Enterprise,Direct
2023-10-23,Widget_A,North,70,5600,0.36,2012.54,SMB,Partner
2023-10-23,Gadget_Y,South,6,900,0.28,251.38,Consumer,Web
2023-10-23,Gadget_Z,West,90,27000,0.44,11887.8,Enterprise,Web
2023-10-24,Device_Pro,East,85,42500,0.49,20875.27,SMB,Partner
2023-10-24,Gadget_Y,South,14,2100,0.33,683.15,SMB,Web
2023-10-24,Gadget_Y,North,100,15000,0.27,4094.42,Consumer,Referral
2023-10-24,Gadget_Y,West,33,4950,0.34,1664.6,SMB,Marketing
2023-10-24,Gadget_X,West,118,5900,0.42,2485.64,Enterprise,Referral
2023-10-24,Gadget_Z,North,24,7200,0.48,3444.51,SMB,Partner
2023-10-24,Gadget_Y,North,123,18450,0.25,4652.5,SMB,Web
2023-10-24,Gadget_Z,South,109,32700,0.42,13833.95,SMB,Partner
2023-10-25,Widget_B,North,60,12000,0.32,3796.07,Consumer,Direct
2023-10-25,Gadget_Z,West,26,7800,0.47,3688.57,Enterprise,Referral
2023-10-25,Gadget_X,South,73,3650,0.39,1413.44,SMB,Referral
2023-10-25,Widget_A,North,14,1120,0.33,366.18,SMB,Referral
2023-10-25,Device_Pro,South,39,19500,0.47,9154.23,SMB,Direct
2023-10-25,Widget_B,East,27,5400,0.3,1618.52,Consumer,Referral
2023-10-25,Widget_A,West,116,9280,0.32,2990.18,Consumer,Direct
2023-10-25,Widget_B,North,58,11600,0.32,3686.81,Consumer,Marketing
2023-10-26,Gadget_Y,West,122,18300,0.3,5410.31,Enterprise,Direct
2023-10-26,Device_Pro,North,90,45000,0.4,18176.33,Enterprise,Partner
2023-10-26,Gadget_X,North,14,700,0.45,313.5,Consumer,Direct
2023-10-26,Device_Pro,East,136,68000,0.48,32866.26,Enterprise,Partner
2023-10-26,Gadget_Y,North,11,1650,0.26,430.41,Enterprise,Referral
2023-10-26,Gadget_Y,East,135,20250,0.32,6406.69,Enterprise,Partner
2023-10-26,Device_Pro,North,91,45500,0.44,19833.44,Enterprise,Direct
2023-10-26,Gadget_X,West,88,4400,0.44,1929.48,Consumer,Direct
2023-10-27,Gadget_Z,West,33,9900,0.43,4233.65,Consumer,Partner
2023-10-27,Widget_B,East,83,16600,0.3,4982.42,Consumer,Partner
2023-10-27,Gadget_X,South,111,5550,0.42,2333.67,SMB,Marketing
2023-10-27,Widget_B,West,43,8600,0.34,2906.16,SMB,Web
2023-10-27,Device_Pro,East,41,20500,0.47,9720.29,Consumer,Web
2023-10-27,Gadget_X,North,112,5600,0.39,2199.73,Enterprise,Referral
2023-10-27,Device_Pro,North,103,51500,0.48,24535.05,Enterprise,Web
2023-10-27,Widget_B,North,32,6400,0.33,2098.54,SMB,Direct
2023-10-28,Gadget_Y,West,24,3600,0.29,1027.71,SMB,Referral
2023-10-28,Widget_A,North,9,720,0.31,219.74,Consumer,Direct
2023-10-28,Gadget_X,South,125,6250,0.4,2509.3,Enterprise,Direct
2023-10-28,Gadget_Y,South,11,1650,0.25,416.74,Consumer,Referral
2023-10-28,Widget_A,North,18,1440,0.37,526.85,Consumer,Referral
2023-10-28,Widget_B,South,94,18800,0.31,5847.61,Consumer,Marketing
2023-10-28,Gadget_Z,West,51,15300,0.44,6757.21,Consumer,Partner
2023-10-28,Widget_B,South,27,5400,0.32,1707.97,SMB,Web
2023-10-29,Widget_B,North,26,5200,0.3,1580.72,Consumer,Marketing
2023-10-29,Gadget_Y,East,26,3900,0.27,1047.97,SMB,Direct
2023-10-29,Gadget_X,West,140,7000,0.41,2871.35,Consumer,Marketing
2023-10-29,Gadget_X,East,54,2700,0.37,997.54,SMB,Marketing
2023-10-29,Widget_B,South,148,29600,0.32,9413.64,SMB,Direct
2023-10-29,Gadget_Z,West,30,9000,0.45,4088.61,SMB,Marketing
2023-10-29,Gadget_X,North,14,700,0.45,313.83,SMB,Marketing
2023-10-29,Gadget_Y,North,72,10800,0.33,3616.1,SMB,Partner
2023-10-30,Widget_B,North,130,26000,0.35,9099.95,SMB,Referral
2023-10-30,Gadget_X,West,123,6150,0.44,2692.94,Enterprise,Marketing
2023-10-30,Gadget_Y,East,121,18150,0.29,5203.61,Consumer,Web
2023-10-30,Gadget_Z,North,105,31500,0.47,14923.88,Consumer,Marketing
2023-10-30,Gadget_Y,North,55,8250,0.3,2509.56,SMB,Web
2023-10-30,Gadget_Z,East,91,27300,0.41,11122.08,Consumer,Partner
2023-10-30,Widget_A,South,77,6160,0.38,2353.84,Enterprise,Referral
2023-10-30,Gadget_Y,West,133,19950,0.34,6773.88,Enterprise,Direct
2023-10-31,Device_Pro,West,114,57000,0.43,24455.77,Enterprise,Marketing
2023-10-31,Gadget_Y,South,13,1950,0.33,639.86,SMB,Referral
2023-10-31,Widget_A,North,47,3760,0.39,1456.66,Consumer,Marketing
2023-10-31,Device_Pro,South,149,74500,0.41,30247.08,SMB,Partner
2023-10-31,Gadget_Y,North,75,11250,0.33,3710.14,Enterprise,Direct
2023-10-31,Widget_A,East,110,8800,0.31,2709.32,SMB,Referral
2023-10-31,Gadget_X,East,107,5350,0.4,2145.98,Enterprise,Marketing
2023-10-31,Device_Pro,East,44,22000,0.41,8943.6,Consumer,Marketing
2023-11-01,Gadget_Z,North,149,44700,0.47,20994.53,SMB,Direct
2023-11-01,Gadget_Y,North,35,5250,0.33,1721.52,Consumer,Web
2023-11-01,Device_Pro,East,26,13000,0.49,6371.36,Consumer,Marketing
2023-11-01,Gadget_Y,North,36,5400,0.34,1831.34,Consumer,Direct
2023-11-01,Gadget_X,East,93,4650,0.39,1791.78,SMB,Referral
2023-11-01,Device_Pro,East,48,24000,0.44,10456.68,SMB,Marketing
2023-11-01,Widget_B,West,125,25000,0.33,8234.13,SMB,Web
2023-11-01,Gadget_Y,East,105,15750,0.32,5036.23,SMB,Direct
2023-11-02,Gadget_Y,North,27,4050,0.27,1092.69,Consumer,Referral
2023-11-02,Device_Pro,South,31,15500,0.46,7125.27,SMB,Direct
2023-11-02,Widget_B,North,72,14400,0.29,4219.78,SMB,Direct
2023-11-02,Gadget_Y,East,148,22200,0.31,6959.13,Consumer,Web
2023-11-02,Widget_A,East,10,800,0.35,282.73,SMB,Web
2023-11-02,Gadget_Y,South,58,8700,0.31,2722.96,Consumer,Marketing
2023-11-02,Gadget_X,South,109,5450,0.36,1978.85,Enterprise,Marketing
2023-11-02,Gadget_X,South,70,3500,0.42,1464.37,SMB,Referral
2023-11-03,Device_Pro,East,120,60000,0.48,28673.18,Consumer,Partner
2023-11-03,Gadget_Z,East,72,21600,0.47,10134.15,SMB,Web
2023-11-03,Widget_B,South,119,23800,0.34,7975.38,Consumer,Marketing
2023-11-03,Device_Pro,West,6,3000,0.48,1446.09,Consumer,Direct
2023-11-03,Gadget_Z,North,5,1500,0.42,627.81,SMB,Marketing
2023-11-03,Gadget_X,South,116,5800,0.38,2186.58,SMB,Partner
2023-11-03,Widget_B,South,61,12200,0.35,4276.2,Consumer,Direct
2023-11-03,Gadget_X,North,40,2000,0.44,871.96,SMB,Referral
2023-11-04,Widget_A,East,48,3840,0.3,1169.24,SMB,Web
2023-11-04,Gadget_Y,West,128,19200,0.3,5725.18,Enterprise,Marketing
2023-11-04,Gadget_Y,West,114,17100,0.33,5669.45,SMB,Marketing
2023-11-04,Gadget_X,West,109,5450,0.37,1990.61,Enterprise,Referral
2023-11-04,Device_Pro,West,85,42500,0.46,19465.73,Enterprise,Marketing
2023-11-04,Gadget_X,North,8,400,0.37,148.34,Consumer,Direct
2023-11-04,Gadget_Y,South,73,10950,0.3,3310.27,Consumer,Partner
2023-11-04,Gadget_X,South,146,7300,0.4,2930.21,Enterprise,Referral
2023-11-05,Widget_B,West,99,19800,0.35,7013.21,Consumer,Direct
2023-11-05,Gadget_Y,North,87,13050,0.34,4452.37,Consumer,Partner
2023-11-05,Widget_B,West,93,18600,0.38,6985.61,Enterprise,Marketing
2023-11-05,Gadget_Z,West,95,28500,0.41,11701.37,SMB,Referral
2023-11-05,Widget_B,South,7,1400,0.35,496.98,Enterprise,Marketing
2023-11-05,Widget_B,North,8,1600,0.36,569.31,SMB,Marketing
2023-11-05,Widget_B,South,52,10400,0.32,3328.77,Enterprise,Partner
2023-11-05,Widget_B,East,98,19600,0.35,6865.8,SMB,Direct
2023-11-06,Device_Pro,West,133,66500,0.45,29813.45,Consumer,Partner
2023-11-06,Widget_A,East,87,6960,0.31,2134.4,SMB,Web
2023-11-06,Gadget_X,North,92,4600,0.41,1866.3,SMB,Marketing
2023-11-06,Gadget_Z,South,77,23100,0.46,10619.22,SMB,Web
2023-11-06,Widget_A,West,76,6080,0.33,2015.71,Consumer,Partner
2023-11-06,Widget_A,East,75,6000,0.39,2329.56,Consumer,Marketing
2023-11-06,Widget_B,North,121,24200,0.33,7895.61,Enterprise,Direct
2023-11-06,Widget_B,West,87,17400,0.32,5514.53,Enterprise,Partner
2023-11-07,Widget_B,South,71,14200,0.35,5002.71,Consumer,Partner
2023-11-07,Widget_B,North,36,7200,0.31,2213.7,SMB,Referral
2023-11-07,Gadget_Z,West,127,38100,0.41,15445.6,SMB,Partner
2023-11-07,Widget_A,North,110,8800,0.31,2708.86,Enterprise,Marketing
2023-11-07,Widget_B,South,91,18200,0.29,5350.01,Enterprise,Referral
2023-11-07,Device_Pro,East,117,58500,0.43,25033.17,Consumer,Marketing
2023-11-07,Gadget_Z,West,38,11400,0.45,5161.81,Consumer,Web
2023-11-07,Widget_B,South,24,4800,0.34,1654.77,Enterprise,Referral
2023-11-08,Gadget_Y,East,15,2250,0.33,745.02,Consumer,Partner
2023-11-08,Gadget_X,North,59,2950,0.44,1309.65,SMB,Web
2023-11-08,Widget_A,East,148,11840,0.34,4033.41,Enterprise,Web
2023-11-08,Gadget_Y,South,130,19500,0.27,5329.13,Consumer,Partner
2023-11-08,Device_Pro,West,82,41000,0.49,20236.47,Enterprise,Web
2023-11-08,Device_Pro,North,68,34000,0.48,16434.17,Enterprise,Web
2023-11-08,Device_Pro,North,10,5000,0.47,2346.74,Enterprise,Direct
2023-11-08,Gadget_Y,East,46,6900,0.3,2039.2,SMB,Partner
2023-11-09,Widget_B,East,11,2200,0.37,810.42,SMB,Direct
2023-11-09,Widget_A,East,85,6800,0.31,2115.05,SMB,Web
2023-11-09,Gadget_Z,South,99,29700,0.45,13313.94,Enterprise,Marketing
2023-11-09,Widget_A,East,19,1520,0.33,502.43,SMB,Direct
2023-11-09,Gadget_Z,West,32,9600,0.46,4390.85,SMB,Direct
2023-11-09,Device_Pro,North,107,53500,0.49,26235.02,SMB,Web
2023-11-09,Widget_B,East,85,17000,0.31,5243.47,Consumer,Marketing
2023-11-09,Device_Pro,East,129,64500,0.41,26275.68,SMB,Direct
2023-11-10,Widget_A,North,103,8240,0.35,2843.9,SMB,Referral
2023-11-10,Gadget_Z,East,44,13200,0.44,5797.08,SMB,Partner
2023-11-10,Device_Pro,East,39,19500,0.42,8145.67,SMB,Marketing
2023-11-10,Gadget_Y,South,123,18450,0.3,5540.9,Enterprise,Direct
2023-11-10,Widget_B,North,81,16200,0.33,5375.19,Consumer,Marketing
2023-11-10,Device_Pro,South,113,56500,0.44,24930.49,Consumer,Marketing
2023-11-10,Widget_B,West,68,13600,0.36,4946.05,SMB,Web
2023-11-10,Device_Pro,South,65,32500,0.45,14623.49,Consumer,Referral
2023-11-11,Gadget_Z,East,134,40200,0.38,15330.11,SMB,Web
2023-11-11,Widget_B,East,48,9600,0.34,3265.62,Enterprise,Direct
2023-11-11,Device_Pro,East,59,29500,0.49,14572.36,Enterprise,Marketing
2023-11-11,Gadget_Y,North,108,16200,0.3,4851.63,Consumer,Partner
2023-11-11,Device_Pro,North,90,45000,0.44,19985.68,SMB,Web
2023-11-11,Gadget_Y,North,49,7350,0.32,2331.13,Enterprise,Marketing
2023-11-11,Gadget_Z,South,77,23100,0.43,9999.47,SMB,Partner
2023-11-11,Device_Pro,West,101,50500,0.41,20729.72,SMB,Partner
2023-11-12,Gadget_Y,East,148,22200,0.31,6867.46,Consumer,Referral
2023-11-12,Gadget_Y,North,82,12300,0.31,3867.13,Consumer,Partner
2023-11-12,Gadget_Y,South,105,15750,0.3,4769.85,SMB,Partner
2023-11-12,Gadget_X,North,135,6750,0.39,2629.49,SMB,Direct
2023-11-12,Widget_A,West,133,10640,0.39,4198.76,Enterprise,Referral
2023-11-12,Gadget_X,South,106,5300,0.36,1897.28,Enterprise,Partner
2023-11-12,Device_Pro,East,79,39500,0.41,16058.34,SMB,Direct
2023-11-12,Widget_A,East,137,10960,0.39,4224.27,SMB,Direct
2023-11-13,Widget_B,North,51,10200,0.33,3366.46,Consumer,Direct
2023-11-13,Widget_A,South,80,6400,0.37,2345.5,Consumer,Marketing
2023-11-13,Gadget_Y,North,20,3000,0.32,947.71,Enterprise,Web
2023-11-13,Gadget_X,South,86,4300,0.42,1790.44,SMB,Partner
2023-11-13,Gadget_Y,North,136,20400,0.26,5389.94,Consumer,Direct
2023-11-13,Gadget_Y,West,8,1200,0.3,360.01,SMB,Partner
2023-11-13,Gadget_Z,West,18,5400,0.43,2340.36,Consumer,Marketing
2023-11-13,Widget_A,West,46,3680,0.3,1120.48,Enterprise,Marketing
2023-11-14,Device_Pro,North,146,73000,0.46,33289.86,SMB,Marketing
2023-11-14,Widget_B,West,112,22400,0.34,7627.69,SMB,Referral
2023-11-14,Gadget_Z,East,39,11700,0.41,4773.86,SMB,Referral
2023-11-14,Widget_A,West,120,9600,0.32,3038.1,SMB,Web
2023-11-14,Device_Pro,East,50,25000,0.46,11457.41,SMB,Web
2023-11-14,Gadget_Z,North,102,30600,0.4,12115.76,Consumer,Referral
2023-11-14,Widget_B,North,95,19000,0.35,6720.89,Consumer,Direct
2023-11-14,Widget_A,East,10,800,0.38,301.02,Enterprise,Web
2023-11-15,Gadget_X,East,7,350,0.43,152.01,Enterprise,Marketing
2023-11-15,Device_Pro,West,108,54000,0.45,24351.46,Consumer,Web
2023-11-15,Gadget_Z,North,113,33900,0.45,15217.42,Consumer,Web
2023-11-15,Widget_A,North,72,5760,0.39,2230.72,Enterprise,Marketing
2023-11-15,Gadget_X,West,26,1300,0.41,537.63,Consumer,Marketing
2023-11-15,Widget_A,North,33,2640,0.39,1031.66,Consumer,Direct
2023-11-15,Gadget_Y,West,10,1500,0.3,449.8,Enterprise,Web
2023-11-15,Widget_A,West,7,560,0.3,169.75,Consumer,Partner
2023-11-16,Gadget_Y,West,49,7350,0.31,2285.7,SMB,Web
2023-11-16,Gadget_Y,East,135,20250,0.3,6117.28,Enterprise,Direct
2023-11-16,Widget_B,North,110,22000,0.34,7466.22,SMB,Referral
2023-11-16,Gadget_X,North,52,2600,0.38,993.29,Consumer,Partner
2023-11-16,Gadget_Z,North,86,25800,0.39,10156.77,SMB,Partner
2023-11-16,Widget_B,North,125,25000,0.29,7279.5,SMB,Referral
2023-11-16,Gadget_Y,West,89,13350,0.31,4140.04,SMB,Referral
2023-11-16,Gadget_X,North,107,5350,0.38,2021.27,Enterprise,Marketing
2023-11-17,Widget_B,North,73,14600,0.29,4225.6,Consumer,Marketing
2023-11-17,Gadget_Z,East,19,5700,0.42,2372.4,Enterprise,Direct
2023-11-17,Gadget_Y,East,144,21600,0.32,6820.38,Enterprise,Referral
2023-11-17,Gadget_Y,North,99,14850,0.27,3940.35,Consumer,Partner
2023-11-17,Gadget_X,South,107,5350,0.44,2365.74,Consumer,Partner
2023-11-17,Gadget_Y,North,141,21150,0.3,6402.65,Consumer,Marketing
2023-11-17,Gadget_Z,South,50,15000,0.42,6321.91,Consumer,Marketing
2023-11-17,Gadget_X,West,59,2950,0.37,1105.01,SMB,Direct
2023-11-18,Gadget_Y,East,43,6450,0.3,1904.51,Enterprise,Direct
2023-11-18,Widget_A,South,126,10080,0.32,3208.62,Consumer,Partner
2023-11-18,Gadget_Y,East,68,10200,0.29,2995.36,Enterprise,Partner
2023-11-18,Gadget_X,South,41,2050,0.41,845.44,SMB,Marketing
2023-11-18,Gadget_Z,North,28,8400,0.41,3476.6,Enterprise,Web
2023-11-18,Gadget_X,South,64,3200,0.41,1301.12,Enterprise,Marketing
2023-11-18,Gadget_X,North,123,6150,0.44,2698.86,SMB,Web
2023-11-18,Device_Pro,South,145,72500,0.46,33299.36,SMB,Marketing
2023-11-19,Gadget_Y,North,109,16350,0.31,5075.02,SMB,Partner
2023-11-19,Gadget_Z,South,24,7200,0.39,2843.12,SMB,Marketing
2023-11-19,Device_Pro,East,142,71000,0.45,31686.18,Enterprise,Web
2023-11-19,Gadget_Y,East,61,9150,0.3,2783.91,SMB,Marketing
2023-11-19,Gadget_Y,South,32,4800,0.31,1478.41,Consumer,Web
2023-11-19,Widget_B,North,66,13200,0.28,3702.57,Enterprise,Web
2023-11-19,Gadget_Y,West,141,21150,0.33,6923.59,SMB,Web
2023-11-19,Device_Pro,North,24,12000,0.48,5816.66,Enterprise,Direct
2023-11-20,Gadget_Y,East,61,9150,0.31,2856.92,SMB,Referral
2023-11-20,Widget_B,South,25,5000,0.33,1666.27,SMB,Direct
2023-11-20,Gadget_X,North,13,650,0.38,248.21,SMB,Direct
2023-11-20,Gadget_X,West,68,3400,0.43,1458.2,Enterprise,Referral
2023-11-20,Gadget_X,South,40,2000,0.43,863.8,SMB,Referral
2023-11-20,Widget_A,North,45,3600,0.37,1319.05,SMB,Web
2023-11-20,Device_Pro,North,116,58000,0.48,27838.74,Consumer,Direct
2023-11-20,Device_Pro,East,12,6000,0.43,2586.1,SMB,Partner
2023-11-21,Device_Pro,South,143,71500,0.46,32555.8,Consumer,Direct
2023-11-21,Widget_A,West,71,5680,0.37,2098.23,SMB,Marketing
2023-11-21,Widget_B,West,16,3200,0.36,1157.12,Enterprise,Partner
2023-11-21,Widget_B,West,67,13400,0.32,4249.22,SMB,Web
2023-11-21,Gadget_X,North,47,2350,0.41,956.35,Enterprise,Marketing
2023-11-21,Widget_A,West,48,3840,0.35,1352.22,Enterprise,Direct
2023-11-21,Widget_A,South,14,1120,0.33,371.99,Enterprise,Partner
2023-11-21,Widget_A,East,54,4320,0.32,1392.73,Consumer,Web
2023-11-22,Widget_A,South,41,3280,0.33,1068.47,Consumer,Partner
2023-11-22,Gadget_X,East,104,5200,0.4,2087.15,Enterprise,Web
2023-11-22,Gadget_Y,East,7,1050,0.34,357.31,SMB,Web
2023-11-22,Gadget_Y,East,56,8400,0.35,2929.47,Enterprise,Referral
2023-11-22,Widget_A,North,87,6960,0.32,2253.11,Enterprise,Direct
2023-11-22,Widget_B,South,36,7200,0.3,2165.98,SMB,Referral
2023-11-22,Gadget_X,South,74,3700,0.41,1533.92,SMB,Marketing
2023-11-22,Gadget_Z,East,102,30600,0.42,12896.08,SMB,Web
2023-11-23,Gadget_Z,West,25,7500,0.39,2962.13,Consumer,Marketing
2023-11-23,Widget_B,West,13,2600,0.28,739.27,SMB,Referral
2023-11-23,Gadget_Y,North,19,2850,0.32,918.79,Consumer,Marketing
2023-11-23,Widget_A,East,112,8960,0.3,2726.04,Consumer,Web
2023-11-23,Gadget_Y,East,52,7800,0.32,2466.65,SMB,Referral
2023-11-23,Gadget_X,North,86,4300,0.37,1578.67,Enterprise,Partner
2023-11-23,Device_Pro,East,83,41500,0.48,20022.74,Enterprise,Web
2023-11-23,Gadget_Y,East,140,21000,0.28,5982.87,SMB,Direct
2023-11-24,Device_Pro,East,58,29000,0.4,11679.71,Enterprise,Partner
2023-11-24,Gadget_Y,South,47,7050,0.31,2199.68,SMB,Referral
2023-11-24,Device_Pro,North,62,31000,0.41,12611.69,Consumer,Partner
2023-11-24,Gadget_Z,West,71,21300,0.42,8846.7,SMB,Referral
2023-11-24,Device_Pro,North,82,41000,0.42,17068.22,Consumer,Marketing
2023-11-24,Gadget_X,South,36,1800,0.4,728.38,Consumer,Referral
2023-11-24,Gadget_X,East,80,4000,0.44,1752.1,SMB,Referral
2023-11-24,Widget_B,West,139,27800,0.36,10093.57,Consumer,Direct
2023-11-25,Gadget_Z,East,45,13500,0.4,5399.29,Enterprise,Marketing
2023-11-25,Widget_A,North,34,2720,0.31,836.94,SMB,Web
2023-11-25,Gadget_Z,South,81,24300,0.44,10701.07,SMB,Direct
2023-11-25,Widget_A,South,82,6560,0.3,1968.82,SMB,Web
2023-11-25,Device_Pro,North,29,14500,0.41,6000.43,Enterprise,Marketing
2023-11-25,Gadget_Y,South,85,12750,0.31,4014.85,SMB,Partner
2023-11-25,Gadget_X,East,97,4850,0.39,1883.7,SMB,Direct
2023-11-25,Gadget_X,West,100,5000,0.41,2046.78,Enterprise,Referral
2023-11-26,Widget_A,North,24,1920,0.36,693.75,Consumer,Partner
2023-11-26,Gadget_Y,East,70,10500,0.26,2716.75,Enterprise,Referral
2023-11-26,Gadget_Z,South,144,43200,0.47,20502.49,Enterprise,Marketing
2023-11-26,Widget_B,North,50,10000,0.33,3272.91,Enterprise,Web
2023-11-26,Widget_B,South,17,3400,0.37,1241.54,Enterprise,Marketing
2023-11-26,Gadget_Y,West,73,10950,0.28,3099.63,Consumer,Web
2023-11-26,Gadget_Z,East,147,44100,0.39,17152.85,Consumer,Web
2023-11-26,Widget_B,West,133,26600,0.36,9496.16,Enterprise,Direct
2023-11-27,Widget_B,East,126,25200,0.29,7375.77,Consumer,Partner
2023-11-27,Gadget_Z,North,90,27000,0.48,12865.44,Enterprise,Referral
2023-11-27,Widget_B,South,47,9400,0.32,3023.54,Consumer,Web
2023-11-27,Gadget_Z,South,35,10500,0.45,4714.99,Consumer,Referral
2023-11-27,Device_Pro,North,114,57000,0.45,25520.97,SMB,Web
2023-11-27,Gadget_X,East,33,1650,0.44,724.13,SMB,Direct
2023-11-27,Widget_B,South,95,19000,0.3,5789.39,Consumer,Direct
2023-11-27,Gadget_Y,North,33,4950,0.35,1729.27,Enterprise,Web
